age_group,dwelling_type,year,residents
0-4 Years,HDB 1- And 2-Room Flats,2025,8267
0-4 Years,HDB 1- And 2-Room Flats,2024,8281
0-4 Years,HDB 1- And 2-Room Flats,2023,8301
0-4 Years,HDB 1- And 2-Room Flats,2022,8304
0-4 Years,HDB 1- And 2-Room Flats,2021,8089
0-4 Years,HDB 1- And 2-Room Flats,2020,7979
0-4 Years,HDB 1- And 2-Room Flats,2019,7828
0-4 Years,HDB 1- And 2-Room Flats,2018,7907
0-4 Years,HDB 1- And 2-Room Flats,2017,7965
0-4 Years,HDB 1- And 2-Room Flats,2016,7752
0-4 Years,HDB 1- And 2-Room Flats,2015,7603
0-4 Years,HDB 1- And 2-Room Flats,2014,7412
0-4 Years,HDB 1- And 2-Room Flats,2013,7219
0-4 Years,HDB 1- And 2-Room Flats,2012,6571
0-4 Years,HDB 1- And 2-Room Flats,2011,5878
0-4 Years,HDB 1- And 2-Room Flats,2010,5191
0-4 Years,HDB 1- And 2-Room Flats,2009,4615
0-4 Years,HDB 1- And 2-Room Flats,2008,4158
0-4 Years,HDB 1- And 2-Room Flats,2007,3698
0-4 Years,HDB 1- And 2-Room Flats,2006,3344
0-4 Years,HDB 1- And 2-Room Flats,2005,3263
0-4 Years,HDB 1- And 2-Room Flats,2004,3283
0-4 Years,HDB 1- And 2-Room Flats,2003,3280
0-4 Years,HDB 1- And 2-Room Flats,2002,3457
0-4 Years,HDB 1- And 2-Room Flats,2001,3874
0-4 Years,HDB 1- And 2-Room Flats,2000,4569
0-4 Years,HDB 3-Room Flats,2025,13882
0-4 Years,HDB 3-Room Flats,2024,14887
0-4 Years,HDB 3-Room Flats,2023,15738
0-4 Years,HDB 3-Room Flats,2022,16614
0-4 Years,HDB 3-Room Flats,2021,17317
0-4 Years,HDB 3-Room Flats,2020,18996
0-4 Years,HDB 3-Room Flats,2019,19909
0-4 Years,HDB 3-Room Flats,2018,20485
0-4 Years,HDB 3-Room Flats,2017,21322
0-4 Years,HDB 3-Room Flats,2016,22121
0-4 Years,HDB 3-Room Flats,2015,22114
0-4 Years,HDB 3-Room Flats,2014,22289
0-4 Years,HDB 3-Room Flats,2013,22558
0-4 Years,HDB 3-Room Flats,2012,23932
0-4 Years,HDB 3-Room Flats,2011,25342
0-4 Years,HDB 3-Room Flats,2010,26854
0-4 Years,HDB 3-Room Flats,2009,28277
0-4 Years,HDB 3-Room Flats,2008,27235
0-4 Years,HDB 3-Room Flats,2007,26796
0-4 Years,HDB 3-Room Flats,2006,27103
0-4 Years,HDB 3-Room Flats,2005,28417
0-4 Years,HDB 3-Room Flats,2004,30169
0-4 Years,HDB 3-Room Flats,2003,32526
0-4 Years,HDB 3-Room Flats,2002,34415
0-4 Years,HDB 3-Room Flats,2001,35589
0-4 Years,HDB 3-Room Flats,2000,36567
0-4 Years,HDB 4-Room Flats,2025,61554
0-4 Years,HDB 4-Room Flats,2024,63269
0-4 Years,HDB 4-Room Flats,2023,65552
0-4 Years,HDB 4-Room Flats,2022,66280
0-4 Years,HDB 4-Room Flats,2021,67441
0-4 Years,HDB 4-Room Flats,2020,70909
0-4 Years,HDB 4-Room Flats,2019,71963
0-4 Years,HDB 4-Room Flats,2018,71569
0-4 Years,HDB 4-Room Flats,2017,72324
0-4 Years,HDB 4-Room Flats,2016,71559
0-4 Years,HDB 4-Room Flats,2015,69042
0-4 Years,HDB 4-Room Flats,2014,66544
0-4 Years,HDB 4-Room Flats,2013,65697
0-4 Years,HDB 4-Room Flats,2012,65424
0-4 Years,HDB 4-Room Flats,2011,64479
0-4 Years,HDB 4-Room Flats,2010,66006
0-4 Years,HDB 4-Room Flats,2009,66935
0-4 Years,HDB 4-Room Flats,2008,64910
0-4 Years,HDB 4-Room Flats,2007,64835
0-4 Years,HDB 4-Room Flats,2006,66118
0-4 Years,HDB 4-Room Flats,2005,68900
0-4 Years,HDB 4-Room Flats,2004,72256
0-4 Years,HDB 4-Room Flats,2003,75227
0-4 Years,HDB 4-Room Flats,2002,78957
0-4 Years,HDB 4-Room Flats,2001,81435
0-4 Years,HDB 4-Room Flats,2000,83741
0-4 Years,HDB 5-Room And Executive Flats,2025,43892
0-4 Years,HDB 5-Room And Executive Flats,2024,45338
0-4 Years,HDB 5-Room And Executive Flats,2023,46171
0-4 Years,HDB 5-Room And Executive Flats,2022,46409
0-4 Years,HDB 5-Room And Executive Flats,2021,45655
0-4 Years,HDB 5-Room And Executive Flats,2020,46261
0-4 Years,HDB 5-Room And Executive Flats,2019,46495
0-4 Years,HDB 5-Room And Executive Flats,2018,47051
0-4 Years,HDB 5-Room And Executive Flats,2017,48905
0-4 Years,HDB 5-Room And Executive Flats,2016,50492
0-4 Years,HDB 5-Room And Executive Flats,2015,51520
0-4 Years,HDB 5-Room And Executive Flats,2014,53355
0-4 Years,HDB 5-Room And Executive Flats,2013,56342
0-4 Years,HDB 5-Room And Executive Flats,2012,59407
0-4 Years,HDB 5-Room And Executive Flats,2011,61618
0-4 Years,HDB 5-Room And Executive Flats,2010,64854
0-4 Years,HDB 5-Room And Executive Flats,2009,66919
0-4 Years,HDB 5-Room And Executive Flats,2008,66951
0-4 Years,HDB 5-Room And Executive Flats,2007,67059
0-4 Years,HDB 5-Room And Executive Flats,2006,67424
0-4 Years,HDB 5-Room And Executive Flats,2005,69260
0-4 Years,HDB 5-Room And Executive Flats,2004,70432
0-4 Years,HDB 5-Room And Executive Flats,2003,70884
0-4 Years,HDB 5-Room And Executive Flats,2002,71939
0-4 Years,HDB 5-Room And Executive Flats,2001,72721
0-4 Years,HDB 5-Room And Executive Flats,2000,72228
0-4 Years,Condominiums & Other Apartments,2025,30412
0-4 Years,Condominiums & Other Apartments,2024,30775
0-4 Years,Condominiums & Other Apartments,2023,31030
0-4 Years,Condominiums & Other Apartments,2022,31866
0-4 Years,Condominiums & Other Apartments,2021,31528
0-4 Years,Condominiums & Other Apartments,2020,30611
0-4 Years,Condominiums & Other Apartments,2019,30803
0-4 Years,Condominiums & Other Apartments,2018,29965
0-4 Years,Condominiums & Other Apartments,2017,28214
0-4 Years,Condominiums & Other Apartments,2016,25800
0-4 Years,Condominiums & Other Apartments,2015,23679
0-4 Years,Condominiums & Other Apartments,2014,22001
0-4 Years,Condominiums & Other Apartments,2013,21407
0-4 Years,Condominiums & Other Apartments,2012,21235
0-4 Years,Condominiums & Other Apartments,2011,21015
0-4 Years,Condominiums & Other Apartments,2010,21285
0-4 Years,Condominiums & Other Apartments,2009,20791
0-4 Years,Condominiums & Other Apartments,2008,20642
0-4 Years,Condominiums & Other Apartments,2007,21548
0-4 Years,Condominiums & Other Apartments,2006,21161
0-4 Years,Condominiums & Other Apartments,2005,20002
0-4 Years,Condominiums & Other Apartments,2004,18793
0-4 Years,Condominiums & Other Apartments,2003,17642
0-4 Years,Condominiums & Other Apartments,2002,17381
0-4 Years,Condominiums & Other Apartments,2001,16243
0-4 Years,Condominiums & Other Apartments,2000,14509
0-4 Years,Landed Properties,2025,7074
0-4 Years,Landed Properties,2024,7446
0-4 Years,Landed Properties,2023,7922
0-4 Years,Landed Properties,2022,8091
0-4 Years,Landed Properties,2021,7890
0-4 Years,Landed Properties,2020,7779
0-4 Years,Landed Properties,2019,7777
0-4 Years,Landed Properties,2018,7851
0-4 Years,Landed Properties,2017,8163
0-4 Years,Landed Properties,2016,8533
0-4 Years,Landed Properties,2015,8659
0-4 Years,Landed Properties,2014,8825
0-4 Years,Landed Properties,2013,8977
0-4 Years,Landed Properties,2012,8929
0-4 Years,Landed Properties,2011,8803
0-4 Years,Landed Properties,2010,8934
0-4 Years,Landed Properties,2009,8764
0-4 Years,Landed Properties,2008,8595
0-4 Years,Landed Properties,2007,8313
0-4 Years,Landed Properties,2006,8049
0-4 Years,Landed Properties,2005,8380
0-4 Years,Landed Properties,2004,8572
0-4 Years,Landed Properties,2003,8908
0-4 Years,Landed Properties,2002,9815
0-4 Years,Landed Properties,2001,10757
0-4 Years,Landed Properties,2000,11452
0-4 Years,Other Types Of Dwelling,2025,469
0-4 Years,Other Types Of Dwelling,2024,500
0-4 Years,Other Types Of Dwelling,2023,554
0-4 Years,Other Types Of Dwelling,2022,521
0-4 Years,Other Types Of Dwelling,2021,515
0-4 Years,Other Types Of Dwelling,2020,541
0-4 Years,Other Types Of Dwelling,2019,580
0-4 Years,Other Types Of Dwelling,2018,700
0-4 Years,Other Types Of Dwelling,2017,760
0-4 Years,Other Types Of Dwelling,2016,823
0-4 Years,Other Types Of Dwelling,2015,870
0-4 Years,Other Types Of Dwelling,2014,834
0-4 Years,Other Types Of Dwelling,2013,906
0-4 Years,Other Types Of Dwelling,2012,960
0-4 Years,Other Types Of Dwelling,2011,886
0-4 Years,Other Types Of Dwelling,2010,1058
0-4 Years,Other Types Of Dwelling,2009,1246
0-4 Years,Other Types Of Dwelling,2008,1173
0-4 Years,Other Types Of Dwelling,2007,1101
0-4 Years,Other Types Of Dwelling,2006,991
0-4 Years,Other Types Of Dwelling,2005,984
0-4 Years,Other Types Of Dwelling,2004,974
0-4 Years,Other Types Of Dwelling,2003,1026
0-4 Years,Other Types Of Dwelling,2002,1256
0-4 Years,Other Types Of Dwelling,2001,1533
0-4 Years,Other Types Of Dwelling,2000,1599
5-9 Years,HDB 1- And 2-Room Flats,2025,7885
5-9 Years,HDB 1- And 2-Room Flats,2024,7770
5-9 Years,HDB 1- And 2-Room Flats,2023,7739
5-9 Years,HDB 1- And 2-Room Flats,2022,7625
5-9 Years,HDB 1- And 2-Room Flats,2021,7378
5-9 Years,HDB 1- And 2-Room Flats,2020,7197
5-9 Years,HDB 1- And 2-Room Flats,2019,7182
5-9 Years,HDB 1- And 2-Room Flats,2018,7464
5-9 Years,HDB 1- And 2-Room Flats,2017,7796
5-9 Years,HDB 1- And 2-Room Flats,2016,7903
5-9 Years,HDB 1- And 2-Room Flats,2015,8094
5-9 Years,HDB 1- And 2-Room Flats,2014,7872
5-9 Years,HDB 1- And 2-Room Flats,2013,7293
5-9 Years,HDB 1- And 2-Room Flats,2012,6389
5-9 Years,HDB 1- And 2-Room Flats,2011,5537
5-9 Years,HDB 1- And 2-Room Flats,2010,4735
5-9 Years,HDB 1- And 2-Room Flats,2009,4104
5-9 Years,HDB 1- And 2-Room Flats,2008,3710
5-9 Years,HDB 1- And 2-Room Flats,2007,3393
5-9 Years,HDB 1- And 2-Room Flats,2006,3059
5-9 Years,HDB 1- And 2-Room Flats,2005,2906
5-9 Years,HDB 1- And 2-Room Flats,2004,2999
5-9 Years,HDB 1- And 2-Room Flats,2003,3013
5-9 Years,HDB 1- And 2-Room Flats,2002,3316
5-9 Years,HDB 1- And 2-Room Flats,2001,4318
5-9 Years,HDB 1- And 2-Room Flats,2000,5819
5-9 Years,HDB 3-Room Flats,2025,15422
5-9 Years,HDB 3-Room Flats,2024,16442
5-9 Years,HDB 3-Room Flats,2023,17328
5-9 Years,HDB 3-Room Flats,2022,17841
5-9 Years,HDB 3-Room Flats,2021,18585
5-9 Years,HDB 3-Room Flats,2020,19798
5-9 Years,HDB 3-Room Flats,2019,20492
5-9 Years,HDB 3-Room Flats,2018,21381
5-9 Years,HDB 3-Room Flats,2017,22382
5-9 Years,HDB 3-Room Flats,2016,23365
5-9 Years,HDB 3-Room Flats,2015,24386
5-9 Years,HDB 3-Room Flats,2014,25109
5-9 Years,HDB 3-Room Flats,2013,25516
5-9 Years,HDB 3-Room Flats,2012,26269
5-9 Years,HDB 3-Room Flats,2011,26714
5-9 Years,HDB 3-Room Flats,2010,27565
5-9 Years,HDB 3-Room Flats,2009,28370
5-9 Years,HDB 3-Room Flats,2008,28154
5-9 Years,HDB 3-Room Flats,2007,28171
5-9 Years,HDB 3-Room Flats,2006,28750
5-9 Years,HDB 3-Room Flats,2005,28795
5-9 Years,HDB 3-Room Flats,2004,29574
5-9 Years,HDB 3-Room Flats,2003,30783
5-9 Years,HDB 3-Room Flats,2002,32213
5-9 Years,HDB 3-Room Flats,2001,36031
5-9 Years,HDB 3-Room Flats,2000,44318
5-9 Years,HDB 4-Room Flats,2025,63214
5-9 Years,HDB 4-Room Flats,2024,64739
5-9 Years,HDB 4-Room Flats,2023,65235
5-9 Years,HDB 4-Room Flats,2022,65357
5-9 Years,HDB 4-Room Flats,2021,65064
5-9 Years,HDB 4-Room Flats,2020,65611
5-9 Years,HDB 4-Room Flats,2019,64809
5-9 Years,HDB 4-Room Flats,2018,64916
5-9 Years,HDB 4-Room Flats,2017,65432
5-9 Years,HDB 4-Room Flats,2016,65392
5-9 Years,HDB 4-Room Flats,2015,66107
5-9 Years,HDB 4-Room Flats,2014,66306
5-9 Years,HDB 4-Room Flats,2013,65762
5-9 Years,HDB 4-Room Flats,2012,66002
5-9 Years,HDB 4-Room Flats,2011,66947
5-9 Years,HDB 4-Room Flats,2010,70364
5-9 Years,HDB 4-Room Flats,2009,73708
5-9 Years,HDB 4-Room Flats,2008,75371
5-9 Years,HDB 4-Room Flats,2007,77696
5-9 Years,HDB 4-Room Flats,2006,81034
5-9 Years,HDB 4-Room Flats,2005,83163
5-9 Years,HDB 4-Room Flats,2004,85197
5-9 Years,HDB 4-Room Flats,2003,88473
5-9 Years,HDB 4-Room Flats,2002,91243
5-9 Years,HDB 4-Room Flats,2001,92283
5-9 Years,HDB 4-Room Flats,2000,93349
5-9 Years,HDB 5-Room And Executive Flats,2025,54472
5-9 Years,HDB 5-Room And Executive Flats,2024,54151
5-9 Years,HDB 5-Room And Executive Flats,2023,53515
5-9 Years,HDB 5-Room And Executive Flats,2022,52946
5-9 Years,HDB 5-Room And Executive Flats,2021,52442
5-9 Years,HDB 5-Room And Executive Flats,2020,52891
5-9 Years,HDB 5-Room And Executive Flats,2019,53684
5-9 Years,HDB 5-Room And Executive Flats,2018,55390
5-9 Years,HDB 5-Room And Executive Flats,2017,57809
5-9 Years,HDB 5-Room And Executive Flats,2016,60200
5-9 Years,HDB 5-Room And Executive Flats,2015,62850
5-9 Years,HDB 5-Room And Executive Flats,2014,64651
5-9 Years,HDB 5-Room And Executive Flats,2013,66181
5-9 Years,HDB 5-Room And Executive Flats,2012,67589
5-9 Years,HDB 5-Room And Executive Flats,2011,69509
5-9 Years,HDB 5-Room And Executive Flats,2010,72708
5-9 Years,HDB 5-Room And Executive Flats,2009,75343
5-9 Years,HDB 5-Room And Executive Flats,2008,76423
5-9 Years,HDB 5-Room And Executive Flats,2007,78224
5-9 Years,HDB 5-Room And Executive Flats,2006,80117
5-9 Years,HDB 5-Room And Executive Flats,2005,80854
5-9 Years,HDB 5-Room And Executive Flats,2004,81717
5-9 Years,HDB 5-Room And Executive Flats,2003,83101
5-9 Years,HDB 5-Room And Executive Flats,2002,83321
5-9 Years,HDB 5-Room And Executive Flats,2001,79500
5-9 Years,HDB 5-Room And Executive Flats,2000,73317
5-9 Years,Condominiums & Other Apartments,2025,47468
5-9 Years,Condominiums & Other Apartments,2024,47397
5-9 Years,Condominiums & Other Apartments,2023,46433
5-9 Years,Condominiums & Other Apartments,2022,45938
5-9 Years,Condominiums & Other Apartments,2021,44016
5-9 Years,Condominiums & Other Apartments,2020,41916
5-9 Years,Condominiums & Other Apartments,2019,40229
5-9 Years,Condominiums & Other Apartments,2018,38410
5-9 Years,Condominiums & Other Apartments,2017,35460
5-9 Years,Condominiums & Other Apartments,2016,32461
5-9 Years,Condominiums & Other Apartments,2015,30617
5-9 Years,Condominiums & Other Apartments,2014,29080
5-9 Years,Condominiums & Other Apartments,2013,28054
5-9 Years,Condominiums & Other Apartments,2012,27063
5-9 Years,Condominiums & Other Apartments,2011,26440
5-9 Years,Condominiums & Other Apartments,2010,26736
5-9 Years,Condominiums & Other Apartments,2009,26238
5-9 Years,Condominiums & Other Apartments,2008,25929
5-9 Years,Condominiums & Other Apartments,2007,27483
5-9 Years,Condominiums & Other Apartments,2006,27311
5-9 Years,Condominiums & Other Apartments,2005,26123
5-9 Years,Condominiums & Other Apartments,2004,24704
5-9 Years,Condominiums & Other Apartments,2003,24095
5-9 Years,Condominiums & Other Apartments,2002,23769
5-9 Years,Condominiums & Other Apartments,2001,21232
5-9 Years,Condominiums & Other Apartments,2000,18080
5-9 Years,Landed Properties,2025,10595
5-9 Years,Landed Properties,2024,10822
5-9 Years,Landed Properties,2023,10966
5-9 Years,Landed Properties,2022,10980
5-9 Years,Landed Properties,2021,10630
5-9 Years,Landed Properties,2020,10555
5-9 Years,Landed Properties,2019,10570
5-9 Years,Landed Properties,2018,10660
5-9 Years,Landed Properties,2017,10791
5-9 Years,Landed Properties,2016,11080
5-9 Years,Landed Properties,2015,11241
5-9 Years,Landed Properties,2014,11606
5-9 Years,Landed Properties,2013,11588
5-9 Years,Landed Properties,2012,11600
5-9 Years,Landed Properties,2011,11519
5-9 Years,Landed Properties,2010,11989
5-9 Years,Landed Properties,2009,11958
5-9 Years,Landed Properties,2008,12287
5-9 Years,Landed Properties,2007,12662
5-9 Years,Landed Properties,2006,13114
5-9 Years,Landed Properties,2005,13576
5-9 Years,Landed Properties,2004,14306
5-9 Years,Landed Properties,2003,15314
5-9 Years,Landed Properties,2002,16453
5-9 Years,Landed Properties,2001,17043
5-9 Years,Landed Properties,2000,17418
5-9 Years,Other Types Of Dwelling,2025,757
5-9 Years,Other Types Of Dwelling,2024,761
5-9 Years,Other Types Of Dwelling,2023,758
5-9 Years,Other Types Of Dwelling,2022,673
5-9 Years,Other Types Of Dwelling,2021,645
5-9 Years,Other Types Of Dwelling,2020,769
5-9 Years,Other Types Of Dwelling,2019,809
5-9 Years,Other Types Of Dwelling,2018,845
5-9 Years,Other Types Of Dwelling,2017,905
5-9 Years,Other Types Of Dwelling,2016,1000
5-9 Years,Other Types Of Dwelling,2015,1038
5-9 Years,Other Types Of Dwelling,2014,1028
5-9 Years,Other Types Of Dwelling,2013,1094
5-9 Years,Other Types Of Dwelling,2012,1172
5-9 Years,Other Types Of Dwelling,2011,1187
5-9 Years,Other Types Of Dwelling,2010,1229
5-9 Years,Other Types Of Dwelling,2009,1341
5-9 Years,Other Types Of Dwelling,2008,1345
5-9 Years,Other Types Of Dwelling,2007,1375
5-9 Years,Other Types Of Dwelling,2006,1220
5-9 Years,Other Types Of Dwelling,2005,1158
5-9 Years,Other Types Of Dwelling,2004,1274
5-9 Years,Other Types Of Dwelling,2003,1371
5-9 Years,Other Types Of Dwelling,2002,1670
5-9 Years,Other Types Of Dwelling,2001,1964
5-9 Years,Other Types Of Dwelling,2000,2259
10-14 Years,HDB 1- And 2-Room Flats,2025,7055
10-14 Years,HDB 1- And 2-Room Flats,2024,7008
10-14 Years,HDB 1- And 2-Room Flats,2023,7238
10-14 Years,HDB 1- And 2-Room Flats,2022,7319
10-14 Years,HDB 1- And 2-Room Flats,2021,7488
10-14 Years,HDB 1- And 2-Room Flats,2020,7742
10-14 Years,HDB 1- And 2-Room Flats,2019,7890
10-14 Years,HDB 1- And 2-Room Flats,2018,7951
10-14 Years,HDB 1- And 2-Room Flats,2017,8018
10-14 Years,HDB 1- And 2-Room Flats,2016,7992
10-14 Years,HDB 1- And 2-Room Flats,2015,7910
10-14 Years,HDB 1- And 2-Room Flats,2014,7748
10-14 Years,HDB 1- And 2-Room Flats,2013,7261
10-14 Years,HDB 1- And 2-Room Flats,2012,6387
10-14 Years,HDB 1- And 2-Room Flats,2011,5675
10-14 Years,HDB 1- And 2-Room Flats,2010,5006
10-14 Years,HDB 1- And 2-Room Flats,2009,4375
10-14 Years,HDB 1- And 2-Room Flats,2008,4052
10-14 Years,HDB 1- And 2-Room Flats,2007,3672
10-14 Years,HDB 1- And 2-Room Flats,2006,3485
10-14 Years,HDB 1- And 2-Room Flats,2005,3419
10-14 Years,HDB 1- And 2-Room Flats,2004,3356
10-14 Years,HDB 1- And 2-Room Flats,2003,3442
10-14 Years,HDB 1- And 2-Room Flats,2002,3630
10-14 Years,HDB 1- And 2-Room Flats,2001,3936
10-14 Years,HDB 1- And 2-Room Flats,2000,4418
10-14 Years,HDB 3-Room Flats,2025,16923
10-14 Years,HDB 3-Room Flats,2024,17661
10-14 Years,HDB 3-Room Flats,2023,18799
10-14 Years,HDB 3-Room Flats,2022,19460
10-14 Years,HDB 3-Room Flats,2021,20073
10-14 Years,HDB 3-Room Flats,2020,21835
10-14 Years,HDB 3-Room Flats,2019,22690
10-14 Years,HDB 3-Room Flats,2018,23112
10-14 Years,HDB 3-Room Flats,2017,23589
10-14 Years,HDB 3-Room Flats,2016,24091
10-14 Years,HDB 3-Room Flats,2015,25258
10-14 Years,HDB 3-Room Flats,2014,26342
10-14 Years,HDB 3-Room Flats,2013,26953
10-14 Years,HDB 3-Room Flats,2012,27971
10-14 Years,HDB 3-Room Flats,2011,28965
10-14 Years,HDB 3-Room Flats,2010,28665
10-14 Years,HDB 3-Room Flats,2009,28647
10-14 Years,HDB 3-Room Flats,2008,28306
10-14 Years,HDB 3-Room Flats,2007,28009
10-14 Years,HDB 3-Room Flats,2006,28547
10-14 Years,HDB 3-Room Flats,2005,29768
10-14 Years,HDB 3-Room Flats,2004,31098
10-14 Years,HDB 3-Room Flats,2003,33729
10-14 Years,HDB 3-Room Flats,2002,35652
10-14 Years,HDB 3-Room Flats,2001,37269
10-14 Years,HDB 3-Room Flats,2000,39875
10-14 Years,HDB 4-Room Flats,2025,60732
10-14 Years,HDB 4-Room Flats,2024,60515
10-14 Years,HDB 4-Room Flats,2023,60892
10-14 Years,HDB 4-Room Flats,2022,59934
10-14 Years,HDB 4-Room Flats,2021,58913
10-14 Years,HDB 4-Room Flats,2020,61226
10-14 Years,HDB 4-Room Flats,2019,61676
10-14 Years,HDB 4-Room Flats,2018,61504
10-14 Years,HDB 4-Room Flats,2017,61955
10-14 Years,HDB 4-Room Flats,2016,63307
10-14 Years,HDB 4-Room Flats,2015,66587
10-14 Years,HDB 4-Room Flats,2014,70030
10-14 Years,HDB 4-Room Flats,2013,72883
10-14 Years,HDB 4-Room Flats,2012,76266
10-14 Years,HDB 4-Room Flats,2011,79655
10-14 Years,HDB 4-Room Flats,2010,82176
10-14 Years,HDB 4-Room Flats,2009,84866
10-14 Years,HDB 4-Room Flats,2008,87716
10-14 Years,HDB 4-Room Flats,2007,88873
10-14 Years,HDB 4-Room Flats,2006,90423
10-14 Years,HDB 4-Room Flats,2005,91861
10-14 Years,HDB 4-Room Flats,2004,92479
10-14 Years,HDB 4-Room Flats,2003,93409
10-14 Years,HDB 4-Room Flats,2002,92851
10-14 Years,HDB 4-Room Flats,2001,88660
10-14 Years,HDB 4-Room Flats,2000,84698
10-14 Years,HDB 5-Room And Executive Flats,2025,57138
10-14 Years,HDB 5-Room And Executive Flats,2024,56752
10-14 Years,HDB 5-Room And Executive Flats,2023,56919
10-14 Years,HDB 5-Room And Executive Flats,2022,57038
10-14 Years,HDB 5-Room And Executive Flats,2021,57304
10-14 Years,HDB 5-Room And Executive Flats,2020,59873
10-14 Years,HDB 5-Room And Executive Flats,2019,61004
10-14 Years,HDB 5-Room And Executive Flats,2018,61836
10-14 Years,HDB 5-Room And Executive Flats,2017,63542
10-14 Years,HDB 5-Room And Executive Flats,2016,65409
10-14 Years,HDB 5-Room And Executive Flats,2015,68612
10-14 Years,HDB 5-Room And Executive Flats,2014,71612
10-14 Years,HDB 5-Room And Executive Flats,2013,74405
10-14 Years,HDB 5-Room And Executive Flats,2012,77508
10-14 Years,HDB 5-Room And Executive Flats,2011,80366
10-14 Years,HDB 5-Room And Executive Flats,2010,81759
10-14 Years,HDB 5-Room And Executive Flats,2009,83653
10-14 Years,HDB 5-Room And Executive Flats,2008,85346
10-14 Years,HDB 5-Room And Executive Flats,2007,85035
10-14 Years,HDB 5-Room And Executive Flats,2006,84757
10-14 Years,HDB 5-Room And Executive Flats,2005,84657
10-14 Years,HDB 5-Room And Executive Flats,2004,82885
10-14 Years,HDB 5-Room And Executive Flats,2003,81418
10-14 Years,HDB 5-Room And Executive Flats,2002,78946
10-14 Years,HDB 5-Room And Executive Flats,2001,73413
10-14 Years,HDB 5-Room And Executive Flats,2000,66600
10-14 Years,Condominiums & Other Apartments,2025,50586
10-14 Years,Condominiums & Other Apartments,2024,48376
10-14 Years,Condominiums & Other Apartments,2023,46410
10-14 Years,Condominiums & Other Apartments,2022,44784
10-14 Years,Condominiums & Other Apartments,2021,42727
10-14 Years,Condominiums & Other Apartments,2020,41933
10-14 Years,Condominiums & Other Apartments,2019,40703
10-14 Years,Condominiums & Other Apartments,2018,38371
10-14 Years,Condominiums & Other Apartments,2017,35337
10-14 Years,Condominiums & Other Apartments,2016,32373
10-14 Years,Condominiums & Other Apartments,2015,30914
10-14 Years,Condominiums & Other Apartments,2014,29532
10-14 Years,Condominiums & Other Apartments,2013,28691
10-14 Years,Condominiums & Other Apartments,2012,28456
10-14 Years,Condominiums & Other Apartments,2011,28560
10-14 Years,Condominiums & Other Apartments,2010,28821
10-14 Years,Condominiums & Other Apartments,2009,28407
10-14 Years,Condominiums & Other Apartments,2008,28718
10-14 Years,Condominiums & Other Apartments,2007,29153
10-14 Years,Condominiums & Other Apartments,2006,28160
10-14 Years,Condominiums & Other Apartments,2005,26700
10-14 Years,Condominiums & Other Apartments,2004,24894
10-14 Years,Condominiums & Other Apartments,2003,23735
10-14 Years,Condominiums & Other Apartments,2002,22387
10-14 Years,Condominiums & Other Apartments,2001,19594
10-14 Years,Condominiums & Other Apartments,2000,16838
10-14 Years,Landed Properties,2025,13379
10-14 Years,Landed Properties,2024,13292
10-14 Years,Landed Properties,2023,13434
10-14 Years,Landed Properties,2022,13086
10-14 Years,Landed Properties,2021,12776
10-14 Years,Landed Properties,2020,12991
10-14 Years,Landed Properties,2019,13191
10-14 Years,Landed Properties,2018,12960
10-14 Years,Landed Properties,2017,12964
10-14 Years,Landed Properties,2016,13264
10-14 Years,Landed Properties,2015,13915
10-14 Years,Landed Properties,2014,14311
10-14 Years,Landed Properties,2013,14558
10-14 Years,Landed Properties,2012,15076
10-14 Years,Landed Properties,2011,15545
10-14 Years,Landed Properties,2010,15942
10-14 Years,Landed Properties,2009,16551
10-14 Years,Landed Properties,2008,17432
10-14 Years,Landed Properties,2007,18239
10-14 Years,Landed Properties,2006,18783
10-14 Years,Landed Properties,2005,19693
10-14 Years,Landed Properties,2004,20071
10-14 Years,Landed Properties,2003,20586
10-14 Years,Landed Properties,2002,21020
10-14 Years,Landed Properties,2001,20331
10-14 Years,Landed Properties,2000,19093
10-14 Years,Other Types Of Dwelling,2025,764
10-14 Years,Other Types Of Dwelling,2024,787
10-14 Years,Other Types Of Dwelling,2023,767
10-14 Years,Other Types Of Dwelling,2022,758
10-14 Years,Other Types Of Dwelling,2021,712
10-14 Years,Other Types Of Dwelling,2020,793
10-14 Years,Other Types Of Dwelling,2019,772
10-14 Years,Other Types Of Dwelling,2018,796
10-14 Years,Other Types Of Dwelling,2017,848
10-14 Years,Other Types Of Dwelling,2016,934
10-14 Years,Other Types Of Dwelling,2015,1054
10-14 Years,Other Types Of Dwelling,2014,1052
10-14 Years,Other Types Of Dwelling,2013,1161
10-14 Years,Other Types Of Dwelling,2012,1226
10-14 Years,Other Types Of Dwelling,2011,1307
10-14 Years,Other Types Of Dwelling,2010,1320
10-14 Years,Other Types Of Dwelling,2009,1456
10-14 Years,Other Types Of Dwelling,2008,1480
10-14 Years,Other Types Of Dwelling,2007,1371
10-14 Years,Other Types Of Dwelling,2006,1307
10-14 Years,Other Types Of Dwelling,2005,1345
10-14 Years,Other Types Of Dwelling,2004,1372
10-14 Years,Other Types Of Dwelling,2003,1539
10-14 Years,Other Types Of Dwelling,2002,1711
10-14 Years,Other Types Of Dwelling,2001,1808
10-14 Years,Other Types Of Dwelling,2000,1853
15-19 Years,HDB 1- And 2-Room Flats,2025,7746
15-19 Years,HDB 1- And 2-Room Flats,2024,8030
15-19 Years,HDB 1- And 2-Room Flats,2023,7987
15-19 Years,HDB 1- And 2-Room Flats,2022,8035
15-19 Years,HDB 1- And 2-Room Flats,2021,8078
15-19 Years,HDB 1- And 2-Room Flats,2020,8307
15-19 Years,HDB 1- And 2-Room Flats,2019,8674
15-19 Years,HDB 1- And 2-Room Flats,2018,8924
15-19 Years,HDB 1- And 2-Room Flats,2017,9237
15-19 Years,HDB 1- And 2-Room Flats,2016,9245
15-19 Years,HDB 1- And 2-Room Flats,2015,9086
15-19 Years,HDB 1- And 2-Room Flats,2014,8595
15-19 Years,HDB 1- And 2-Room Flats,2013,8025
15-19 Years,HDB 1- And 2-Room Flats,2012,7187
15-19 Years,HDB 1- And 2-Room Flats,2011,6549
15-19 Years,HDB 1- And 2-Room Flats,2010,5789
15-19 Years,HDB 1- And 2-Room Flats,2009,5241
15-19 Years,HDB 1- And 2-Room Flats,2008,4853
15-19 Years,HDB 1- And 2-Room Flats,2007,4453
15-19 Years,HDB 1- And 2-Room Flats,2006,4018
15-19 Years,HDB 1- And 2-Room Flats,2005,3892
15-19 Years,HDB 1- And 2-Room Flats,2004,3899
15-19 Years,HDB 1- And 2-Room Flats,2003,3969
15-19 Years,HDB 1- And 2-Room Flats,2002,4225
15-19 Years,HDB 1- And 2-Room Flats,2001,4758
15-19 Years,HDB 1- And 2-Room Flats,2000,5458
15-19 Years,HDB 3-Room Flats,2025,20167
15-19 Years,HDB 3-Room Flats,2024,20926
15-19 Years,HDB 3-Room Flats,2023,21414
15-19 Years,HDB 3-Room Flats,2022,21646
15-19 Years,HDB 3-Room Flats,2021,21600
15-19 Years,HDB 3-Room Flats,2020,23346
15-19 Years,HDB 3-Room Flats,2019,24481
15-19 Years,HDB 3-Room Flats,2018,25288
15-19 Years,HDB 3-Room Flats,2017,26141
15-19 Years,HDB 3-Room Flats,2016,27316
15-19 Years,HDB 3-Room Flats,2015,27778
15-19 Years,HDB 3-Room Flats,2014,28298
15-19 Years,HDB 3-Room Flats,2013,29039
15-19 Years,HDB 3-Room Flats,2012,30019
15-19 Years,HDB 3-Room Flats,2011,30569
15-19 Years,HDB 3-Room Flats,2010,30999
15-19 Years,HDB 3-Room Flats,2009,31127
15-19 Years,HDB 3-Room Flats,2008,31671
15-19 Years,HDB 3-Room Flats,2007,31328
15-19 Years,HDB 3-Room Flats,2006,31253
15-19 Years,HDB 3-Room Flats,2005,31456
15-19 Years,HDB 3-Room Flats,2004,32472
15-19 Years,HDB 3-Room Flats,2003,33568
15-19 Years,HDB 3-Room Flats,2002,35759
15-19 Years,HDB 3-Room Flats,2001,39382
15-19 Years,HDB 3-Room Flats,2000,43898
15-19 Years,HDB 4-Room Flats,2025,61052
15-19 Years,HDB 4-Room Flats,2024,60938
15-19 Years,HDB 4-Room Flats,2023,60780
15-19 Years,HDB 4-Room Flats,2022,59811
15-19 Years,HDB 4-Room Flats,2021,59665
15-19 Years,HDB 4-Room Flats,2020,63888
15-19 Years,HDB 4-Room Flats,2019,67299
15-19 Years,HDB 4-Room Flats,2018,69826
15-19 Years,HDB 4-Room Flats,2017,73143
15-19 Years,HDB 4-Room Flats,2016,76821
15-19 Years,HDB 4-Room Flats,2015,79285
15-19 Years,HDB 4-Room Flats,2014,81794
15-19 Years,HDB 4-Room Flats,2013,85462
15-19 Years,HDB 4-Room Flats,2012,87912
15-19 Years,HDB 4-Room Flats,2011,89612
15-19 Years,HDB 4-Room Flats,2010,91728
15-19 Years,HDB 4-Room Flats,2009,92981
15-19 Years,HDB 4-Room Flats,2008,93927
15-19 Years,HDB 4-Room Flats,2007,92632
15-19 Years,HDB 4-Room Flats,2006,89693
15-19 Years,HDB 4-Room Flats,2005,86504
15-19 Years,HDB 4-Room Flats,2004,84235
15-19 Years,HDB 4-Room Flats,2003,79980
15-19 Years,HDB 4-Room Flats,2002,78532
15-19 Years,HDB 4-Room Flats,2001,78075
15-19 Years,HDB 4-Room Flats,2000,77232
15-19 Years,HDB 5-Room And Executive Flats,2025,61591
15-19 Years,HDB 5-Room And Executive Flats,2024,61668
15-19 Years,HDB 5-Room And Executive Flats,2023,61842
15-19 Years,HDB 5-Room And Executive Flats,2022,61736
15-19 Years,HDB 5-Room And Executive Flats,2021,61916
15-19 Years,HDB 5-Room And Executive Flats,2020,65689
15-19 Years,HDB 5-Room And Executive Flats,2019,68514
15-19 Years,HDB 5-Room And Executive Flats,2018,70680
15-19 Years,HDB 5-Room And Executive Flats,2017,73734
15-19 Years,HDB 5-Room And Executive Flats,2016,76659
15-19 Years,HDB 5-Room And Executive Flats,2015,78237
15-19 Years,HDB 5-Room And Executive Flats,2014,80322
15-19 Years,HDB 5-Room And Executive Flats,2013,83210
15-19 Years,HDB 5-Room And Executive Flats,2012,84036
15-19 Years,HDB 5-Room And Executive Flats,2011,84280
15-19 Years,HDB 5-Room And Executive Flats,2010,84881
15-19 Years,HDB 5-Room And Executive Flats,2009,83900
15-19 Years,HDB 5-Room And Executive Flats,2008,83153
15-19 Years,HDB 5-Room And Executive Flats,2007,80748
15-19 Years,HDB 5-Room And Executive Flats,2006,76277
15-19 Years,HDB 5-Room And Executive Flats,2005,71147
15-19 Years,HDB 5-Room And Executive Flats,2004,67237
15-19 Years,HDB 5-Room And Executive Flats,2003,60764
15-19 Years,HDB 5-Room And Executive Flats,2002,57189
15-19 Years,HDB 5-Room And Executive Flats,2001,55409
15-19 Years,HDB 5-Room And Executive Flats,2000,52540
15-19 Years,Condominiums & Other Apartments,2025,45320
15-19 Years,Condominiums & Other Apartments,2024,43762
15-19 Years,Condominiums & Other Apartments,2023,41814
15-19 Years,Condominiums & Other Apartments,2022,39990
15-19 Years,Condominiums & Other Apartments,2021,38440
15-19 Years,Condominiums & Other Apartments,2020,38096
15-19 Years,Condominiums & Other Apartments,2019,37003
15-19 Years,Condominiums & Other Apartments,2018,35440
15-19 Years,Condominiums & Other Apartments,2017,33757
15-19 Years,Condominiums & Other Apartments,2016,31848
15-19 Years,Condominiums & Other Apartments,2015,30192
15-19 Years,Condominiums & Other Apartments,2014,29165
15-19 Years,Condominiums & Other Apartments,2013,28802
15-19 Years,Condominiums & Other Apartments,2012,28551
15-19 Years,Condominiums & Other Apartments,2011,27992
15-19 Years,Condominiums & Other Apartments,2010,27249
15-19 Years,Condominiums & Other Apartments,2009,25966
15-19 Years,Condominiums & Other Apartments,2008,25238
15-19 Years,Condominiums & Other Apartments,2007,24277
15-19 Years,Condominiums & Other Apartments,2006,22408
15-19 Years,Condominiums & Other Apartments,2005,20164
15-19 Years,Condominiums & Other Apartments,2004,18426
15-19 Years,Condominiums & Other Apartments,2003,16040
15-19 Years,Condominiums & Other Apartments,2002,14556
15-19 Years,Condominiums & Other Apartments,2001,13382
15-19 Years,Condominiums & Other Apartments,2000,12263
15-19 Years,Landed Properties,2025,14774
15-19 Years,Landed Properties,2024,14900
15-19 Years,Landed Properties,2023,14811
15-19 Years,Landed Properties,2022,14611
15-19 Years,Landed Properties,2021,14343
15-19 Years,Landed Properties,2020,15006
15-19 Years,Landed Properties,2019,15282
15-19 Years,Landed Properties,2018,15466
15-19 Years,Landed Properties,2017,16087
15-19 Years,Landed Properties,2016,16738
15-19 Years,Landed Properties,2015,17112
15-19 Years,Landed Properties,2014,17759
15-19 Years,Landed Properties,2013,18606
15-19 Years,Landed Properties,2012,19015
15-19 Years,Landed Properties,2011,19509
15-19 Years,Landed Properties,2010,20556
15-19 Years,Landed Properties,2009,20866
15-19 Years,Landed Properties,2008,21334
15-19 Years,Landed Properties,2007,21364
15-19 Years,Landed Properties,2006,20535
15-19 Years,Landed Properties,2005,19539
15-19 Years,Landed Properties,2004,18958
15-19 Years,Landed Properties,2003,17438
15-19 Years,Landed Properties,2002,16875
15-19 Years,Landed Properties,2001,16856
15-19 Years,Landed Properties,2000,16587
15-19 Years,Other Types Of Dwelling,2025,744
15-19 Years,Other Types Of Dwelling,2024,843
15-19 Years,Other Types Of Dwelling,2023,931
15-19 Years,Other Types Of Dwelling,2022,920
15-19 Years,Other Types Of Dwelling,2021,871
15-19 Years,Other Types Of Dwelling,2020,902
15-19 Years,Other Types Of Dwelling,2019,969
15-19 Years,Other Types Of Dwelling,2018,896
15-19 Years,Other Types Of Dwelling,2017,874
15-19 Years,Other Types Of Dwelling,2016,977
15-19 Years,Other Types Of Dwelling,2015,1023
15-19 Years,Other Types Of Dwelling,2014,1169
15-19 Years,Other Types Of Dwelling,2013,1370
15-19 Years,Other Types Of Dwelling,2012,1432
15-19 Years,Other Types Of Dwelling,2011,1427
15-19 Years,Other Types Of Dwelling,2010,1550
15-19 Years,Other Types Of Dwelling,2009,1662
15-19 Years,Other Types Of Dwelling,2008,1647
15-19 Years,Other Types Of Dwelling,2007,1368
15-19 Years,Other Types Of Dwelling,2006,1263
15-19 Years,Other Types Of Dwelling,2005,1216
15-19 Years,Other Types Of Dwelling,2004,1233
15-19 Years,Other Types Of Dwelling,2003,1320
15-19 Years,Other Types Of Dwelling,2002,1421
15-19 Years,Other Types Of Dwelling,2001,1478
15-19 Years,Other Types Of Dwelling,2000,1608
20-24 Years,HDB 1- And 2-Room Flats,2025,9091
20-24 Years,HDB 1- And 2-Room Flats,2024,9321
20-24 Years,HDB 1- And 2-Room Flats,2023,9591
20-24 Years,HDB 1- And 2-Room Flats,2022,9787
20-24 Years,HDB 1- And 2-Room Flats,2021,9924
20-24 Years,HDB 1- And 2-Room Flats,2020,9929
20-24 Years,HDB 1- And 2-Room Flats,2019,9939
20-24 Years,HDB 1- And 2-Room Flats,2018,10299
20-24 Years,HDB 1- And 2-Room Flats,2017,10523
20-24 Years,HDB 1- And 2-Room Flats,2016,10218
20-24 Years,HDB 1- And 2-Room Flats,2015,10033
20-24 Years,HDB 1- And 2-Room Flats,2014,9581
20-24 Years,HDB 1- And 2-Room Flats,2013,8974
20-24 Years,HDB 1- And 2-Room Flats,2012,8071
20-24 Years,HDB 1- And 2-Room Flats,2011,7081
20-24 Years,HDB 1- And 2-Room Flats,2010,6184
20-24 Years,HDB 1- And 2-Room Flats,2009,5689
20-24 Years,HDB 1- And 2-Room Flats,2008,5334
20-24 Years,HDB 1- And 2-Room Flats,2007,5069
20-24 Years,HDB 1- And 2-Room Flats,2006,5013
20-24 Years,HDB 1- And 2-Room Flats,2005,4996
20-24 Years,HDB 1- And 2-Room Flats,2004,4982
20-24 Years,HDB 1- And 2-Room Flats,2003,5014
20-24 Years,HDB 1- And 2-Room Flats,2002,5139
20-24 Years,HDB 1- And 2-Room Flats,2001,5327
20-24 Years,HDB 1- And 2-Room Flats,2000,5982
20-24 Years,HDB 3-Room Flats,2025,23014
20-24 Years,HDB 3-Room Flats,2024,24157
20-24 Years,HDB 3-Room Flats,2023,24991
20-24 Years,HDB 3-Room Flats,2022,25569
20-24 Years,HDB 3-Room Flats,2021,26463
20-24 Years,HDB 3-Room Flats,2020,27456
20-24 Years,HDB 3-Room Flats,2019,27918
20-24 Years,HDB 3-Room Flats,2018,28619
20-24 Years,HDB 3-Room Flats,2017,29373
20-24 Years,HDB 3-Room Flats,2016,30481
20-24 Years,HDB 3-Room Flats,2015,31694
20-24 Years,HDB 3-Room Flats,2014,32658
20-24 Years,HDB 3-Room Flats,2013,33620
20-24 Years,HDB 3-Room Flats,2012,34252
20-24 Years,HDB 3-Room Flats,2011,34270
20-24 Years,HDB 3-Room Flats,2010,34191
20-24 Years,HDB 3-Room Flats,2009,34979
20-24 Years,HDB 3-Room Flats,2008,34136
20-24 Years,HDB 3-Room Flats,2007,34678
20-24 Years,HDB 3-Room Flats,2006,36356
20-24 Years,HDB 3-Room Flats,2005,38314
20-24 Years,HDB 3-Room Flats,2004,39925
20-24 Years,HDB 3-Room Flats,2003,42597
20-24 Years,HDB 3-Room Flats,2002,45861
20-24 Years,HDB 3-Room Flats,2001,49198
20-24 Years,HDB 3-Room Flats,2000,52895
20-24 Years,HDB 4-Room Flats,2025,65389
20-24 Years,HDB 4-Room Flats,2024,68480
20-24 Years,HDB 4-Room Flats,2023,70699
20-24 Years,HDB 4-Room Flats,2022,73280
20-24 Years,HDB 4-Room Flats,2021,76014
20-24 Years,HDB 4-Room Flats,2020,78951
20-24 Years,HDB 4-Room Flats,2019,81519
20-24 Years,HDB 4-Room Flats,2018,84571
20-24 Years,HDB 4-Room Flats,2017,86804
20-24 Years,HDB 4-Room Flats,2016,88330
20-24 Years,HDB 4-Room Flats,2015,90525
20-24 Years,HDB 4-Room Flats,2014,91746
20-24 Years,HDB 4-Room Flats,2013,93938
20-24 Years,HDB 4-Room Flats,2012,94145
20-24 Years,HDB 4-Room Flats,2011,92261
20-24 Years,HDB 4-Room Flats,2010,90636
20-24 Years,HDB 4-Room Flats,2009,89534
20-24 Years,HDB 4-Room Flats,2008,84696
20-24 Years,HDB 4-Room Flats,2007,82811
20-24 Years,HDB 4-Room Flats,2006,83475
20-24 Years,HDB 4-Room Flats,2005,83192
20-24 Years,HDB 4-Room Flats,2004,81742
20-24 Years,HDB 4-Room Flats,2003,81341
20-24 Years,HDB 4-Room Flats,2002,81007
20-24 Years,HDB 4-Room Flats,2001,78151
20-24 Years,HDB 4-Room Flats,2000,75437
20-24 Years,HDB 5-Room And Executive Flats,2025,66157
20-24 Years,HDB 5-Room And Executive Flats,2024,68510
20-24 Years,HDB 5-Room And Executive Flats,2023,70304
20-24 Years,HDB 5-Room And Executive Flats,2022,71857
20-24 Years,HDB 5-Room And Executive Flats,2021,73721
20-24 Years,HDB 5-Room And Executive Flats,2020,76087
20-24 Years,HDB 5-Room And Executive Flats,2019,78078
20-24 Years,HDB 5-Room And Executive Flats,2018,80452
20-24 Years,HDB 5-Room And Executive Flats,2017,81519
20-24 Years,HDB 5-Room And Executive Flats,2016,81762
20-24 Years,HDB 5-Room And Executive Flats,2015,82515
20-24 Years,HDB 5-Room And Executive Flats,2014,81744
20-24 Years,HDB 5-Room And Executive Flats,2013,82014
20-24 Years,HDB 5-Room And Executive Flats,2012,80895
20-24 Years,HDB 5-Room And Executive Flats,2011,77032
20-24 Years,HDB 5-Room And Executive Flats,2010,73581
20-24 Years,HDB 5-Room And Executive Flats,2009,70879
20-24 Years,HDB 5-Room And Executive Flats,2008,64619
20-24 Years,HDB 5-Room And Executive Flats,2007,60754
20-24 Years,HDB 5-Room And Executive Flats,2006,59849
20-24 Years,HDB 5-Room And Executive Flats,2005,58495
20-24 Years,HDB 5-Room And Executive Flats,2004,56104
20-24 Years,HDB 5-Room And Executive Flats,2003,54511
20-24 Years,HDB 5-Room And Executive Flats,2002,52427
20-24 Years,HDB 5-Room And Executive Flats,2001,50074
20-24 Years,HDB 5-Room And Executive Flats,2000,47144
20-24 Years,Condominiums & Other Apartments,2025,38545
20-24 Years,Condominiums & Other Apartments,2024,37449
20-24 Years,Condominiums & Other Apartments,2023,36386
20-24 Years,Condominiums & Other Apartments,2022,35529
20-24 Years,Condominiums & Other Apartments,2021,34240
20-24 Years,Condominiums & Other Apartments,2020,33817
20-24 Years,Condominiums & Other Apartments,2019,32712
20-24 Years,Condominiums & Other Apartments,2018,32063
20-24 Years,Condominiums & Other Apartments,2017,30866
20-24 Years,Condominiums & Other Apartments,2016,29040
20-24 Years,Condominiums & Other Apartments,2015,27421
20-24 Years,Condominiums & Other Apartments,2014,25721
20-24 Years,Condominiums & Other Apartments,2013,24705
20-24 Years,Condominiums & Other Apartments,2012,23409
20-24 Years,Condominiums & Other Apartments,2011,21898
20-24 Years,Condominiums & Other Apartments,2010,20575
20-24 Years,Condominiums & Other Apartments,2009,19244
20-24 Years,Condominiums & Other Apartments,2008,17267
20-24 Years,Condominiums & Other Apartments,2007,16789
20-24 Years,Condominiums & Other Apartments,2006,16562
20-24 Years,Condominiums & Other Apartments,2005,15745
20-24 Years,Condominiums & Other Apartments,2004,14546
20-24 Years,Condominiums & Other Apartments,2003,13645
20-24 Years,Condominiums & Other Apartments,2002,12945
20-24 Years,Condominiums & Other Apartments,2001,12019
20-24 Years,Condominiums & Other Apartments,2000,10869
20-24 Years,Landed Properties,2025,15246
20-24 Years,Landed Properties,2024,15450
20-24 Years,Landed Properties,2023,15823
20-24 Years,Landed Properties,2022,16068
20-24 Years,Landed Properties,2021,16143
20-24 Years,Landed Properties,2020,17045
20-24 Years,Landed Properties,2019,17615
20-24 Years,Landed Properties,2018,18339
20-24 Years,Landed Properties,2017,18851
20-24 Years,Landed Properties,2016,19369
20-24 Years,Landed Properties,2015,20045
20-24 Years,Landed Properties,2014,20198
20-24 Years,Landed Properties,2013,20678
20-24 Years,Landed Properties,2012,20745
20-24 Years,Landed Properties,2011,19909
20-24 Years,Landed Properties,2010,19059
20-24 Years,Landed Properties,2009,18584
20-24 Years,Landed Properties,2008,16908
20-24 Years,Landed Properties,2007,16190
20-24 Years,Landed Properties,2006,16180
20-24 Years,Landed Properties,2005,16025
20-24 Years,Landed Properties,2004,15677
20-24 Years,Landed Properties,2003,15820
20-24 Years,Landed Properties,2002,15952
20-24 Years,Landed Properties,2001,16431
20-24 Years,Landed Properties,2000,16306
20-24 Years,Other Types Of Dwelling,2025,1244
20-24 Years,Other Types Of Dwelling,2024,1277
20-24 Years,Other Types Of Dwelling,2023,1272
20-24 Years,Other Types Of Dwelling,2022,1213
20-24 Years,Other Types Of Dwelling,2021,1215
20-24 Years,Other Types Of Dwelling,2020,1252
20-24 Years,Other Types Of Dwelling,2019,1298
20-24 Years,Other Types Of Dwelling,2018,1173
20-24 Years,Other Types Of Dwelling,2017,1136
20-24 Years,Other Types Of Dwelling,2016,1419
20-24 Years,Other Types Of Dwelling,2015,1644
20-24 Years,Other Types Of Dwelling,2014,1944
20-24 Years,Other Types Of Dwelling,2013,2252
20-24 Years,Other Types Of Dwelling,2012,2131
20-24 Years,Other Types Of Dwelling,2011,1819
20-24 Years,Other Types Of Dwelling,2010,2070
20-24 Years,Other Types Of Dwelling,2009,1989
20-24 Years,Other Types Of Dwelling,2008,1611
20-24 Years,Other Types Of Dwelling,2007,1322
20-24 Years,Other Types Of Dwelling,2006,1306
20-24 Years,Other Types Of Dwelling,2005,1318
20-24 Years,Other Types Of Dwelling,2004,1326
20-24 Years,Other Types Of Dwelling,2003,1524
20-24 Years,Other Types Of Dwelling,2002,1827
20-24 Years,Other Types Of Dwelling,2001,1938
20-24 Years,Other Types Of Dwelling,2000,2015
25-29 Years,HDB 1- And 2-Room Flats,2025,10456
25-29 Years,HDB 1- And 2-Room Flats,2024,10195
25-29 Years,HDB 1- And 2-Room Flats,2023,10188
25-29 Years,HDB 1- And 2-Room Flats,2022,10154
25-29 Years,HDB 1- And 2-Room Flats,2021,10049
25-29 Years,HDB 1- And 2-Room Flats,2020,9918
25-29 Years,HDB 1- And 2-Room Flats,2019,9824
25-29 Years,HDB 1- And 2-Room Flats,2018,9746
25-29 Years,HDB 1- And 2-Room Flats,2017,9795
25-29 Years,HDB 1- And 2-Room Flats,2016,9361
25-29 Years,HDB 1- And 2-Room Flats,2015,9007
25-29 Years,HDB 1- And 2-Room Flats,2014,8676
25-29 Years,HDB 1- And 2-Room Flats,2013,8112
25-29 Years,HDB 1- And 2-Room Flats,2012,7381
25-29 Years,HDB 1- And 2-Room Flats,2011,6851
25-29 Years,HDB 1- And 2-Room Flats,2010,6155
25-29 Years,HDB 1- And 2-Room Flats,2009,5707
25-29 Years,HDB 1- And 2-Room Flats,2008,5333
25-29 Years,HDB 1- And 2-Room Flats,2007,4990
25-29 Years,HDB 1- And 2-Room Flats,2006,4541
25-29 Years,HDB 1- And 2-Room Flats,2005,4466
25-29 Years,HDB 1- And 2-Room Flats,2004,4377
25-29 Years,HDB 1- And 2-Room Flats,2003,4429
25-29 Years,HDB 1- And 2-Room Flats,2002,4981
25-29 Years,HDB 1- And 2-Room Flats,2001,5713
25-29 Years,HDB 1- And 2-Room Flats,2000,7009
25-29 Years,HDB 3-Room Flats,2025,30478
25-29 Years,HDB 3-Room Flats,2024,31275
25-29 Years,HDB 3-Room Flats,2023,32435
25-29 Years,HDB 3-Room Flats,2022,33055
25-29 Years,HDB 3-Room Flats,2021,33545
25-29 Years,HDB 3-Room Flats,2020,35219
25-29 Years,HDB 3-Room Flats,2019,36181
25-29 Years,HDB 3-Room Flats,2018,37536
25-29 Years,HDB 3-Room Flats,2017,38372
25-29 Years,HDB 3-Room Flats,2016,38610
25-29 Years,HDB 3-Room Flats,2015,38757
25-29 Years,HDB 3-Room Flats,2014,39346
25-29 Years,HDB 3-Room Flats,2013,38954
25-29 Years,HDB 3-Room Flats,2012,40963
25-29 Years,HDB 3-Room Flats,2011,44114
25-29 Years,HDB 3-Room Flats,2010,47719
25-29 Years,HDB 3-Room Flats,2009,50139
25-29 Years,HDB 3-Room Flats,2008,48506
25-29 Years,HDB 3-Room Flats,2007,47320
25-29 Years,HDB 3-Room Flats,2006,47401
25-29 Years,HDB 3-Room Flats,2005,48306
25-29 Years,HDB 3-Room Flats,2004,49982
25-29 Years,HDB 3-Room Flats,2003,53493
25-29 Years,HDB 3-Room Flats,2002,58114
25-29 Years,HDB 3-Room Flats,2001,61375
25-29 Years,HDB 3-Room Flats,2000,65724
25-29 Years,HDB 4-Room Flats,2025,91858
25-29 Years,HDB 4-Room Flats,2024,95253
25-29 Years,HDB 4-Room Flats,2023,98683
25-29 Years,HDB 4-Room Flats,2022,99508
25-29 Years,HDB 4-Room Flats,2021,99886
25-29 Years,HDB 4-Room Flats,2020,103465
25-29 Years,HDB 4-Room Flats,2019,105008
25-29 Years,HDB 4-Room Flats,2018,107056
25-29 Years,HDB 4-Room Flats,2017,107387
25-29 Years,HDB 4-Room Flats,2016,104673
25-29 Years,HDB 4-Room Flats,2015,103016
25-29 Years,HDB 4-Room Flats,2014,101071
25-29 Years,HDB 4-Room Flats,2013,98684
25-29 Years,HDB 4-Room Flats,2012,98878
25-29 Years,HDB 4-Room Flats,2011,101614
25-29 Years,HDB 4-Room Flats,2010,104784
25-29 Years,HDB 4-Room Flats,2009,105237
25-29 Years,HDB 4-Room Flats,2008,100106
25-29 Years,HDB 4-Room Flats,2007,95678
25-29 Years,HDB 4-Room Flats,2006,94012
25-29 Years,HDB 4-Room Flats,2005,92390
25-29 Years,HDB 4-Room Flats,2004,92453
25-29 Years,HDB 4-Room Flats,2003,94517
25-29 Years,HDB 4-Room Flats,2002,98617
25-29 Years,HDB 4-Room Flats,2001,96891
25-29 Years,HDB 4-Room Flats,2000,97638
25-29 Years,HDB 5-Room And Executive Flats,2025,76567
25-29 Years,HDB 5-Room And Executive Flats,2024,78807
25-29 Years,HDB 5-Room And Executive Flats,2023,81787
25-29 Years,HDB 5-Room And Executive Flats,2022,82612
25-29 Years,HDB 5-Room And Executive Flats,2021,82067
25-29 Years,HDB 5-Room And Executive Flats,2020,84319
25-29 Years,HDB 5-Room And Executive Flats,2019,83734
25-29 Years,HDB 5-Room And Executive Flats,2018,84210
25-29 Years,HDB 5-Room And Executive Flats,2017,83426
25-29 Years,HDB 5-Room And Executive Flats,2016,79844
25-29 Years,HDB 5-Room And Executive Flats,2015,76090
25-29 Years,HDB 5-Room And Executive Flats,2014,74304
25-29 Years,HDB 5-Room And Executive Flats,2013,70994
25-29 Years,HDB 5-Room And Executive Flats,2012,69832
25-29 Years,HDB 5-Room And Executive Flats,2011,71925
25-29 Years,HDB 5-Room And Executive Flats,2010,74469
25-29 Years,HDB 5-Room And Executive Flats,2009,74659
25-29 Years,HDB 5-Room And Executive Flats,2008,72214
25-29 Years,HDB 5-Room And Executive Flats,2007,69147
25-29 Years,HDB 5-Room And Executive Flats,2006,68103
25-29 Years,HDB 5-Room And Executive Flats,2005,66451
25-29 Years,HDB 5-Room And Executive Flats,2004,65042
25-29 Years,HDB 5-Room And Executive Flats,2003,64168
25-29 Years,HDB 5-Room And Executive Flats,2002,64953
25-29 Years,HDB 5-Room And Executive Flats,2001,63954
25-29 Years,HDB 5-Room And Executive Flats,2000,63225
25-29 Years,Condominiums & Other Apartments,2025,37412
25-29 Years,Condominiums & Other Apartments,2024,36463
25-29 Years,Condominiums & Other Apartments,2023,36199
25-29 Years,Condominiums & Other Apartments,2022,36045
25-29 Years,Condominiums & Other Apartments,2021,34068
25-29 Years,Condominiums & Other Apartments,2020,33961
25-29 Years,Condominiums & Other Apartments,2019,33127
25-29 Years,Condominiums & Other Apartments,2018,32353
25-29 Years,Condominiums & Other Apartments,2017,30134
25-29 Years,Condominiums & Other Apartments,2016,26765
25-29 Years,Condominiums & Other Apartments,2015,24241
25-29 Years,Condominiums & Other Apartments,2014,22606
25-29 Years,Condominiums & Other Apartments,2013,20438
25-29 Years,Condominiums & Other Apartments,2012,19695
25-29 Years,Condominiums & Other Apartments,2011,20179
25-29 Years,Condominiums & Other Apartments,2010,20898
25-29 Years,Condominiums & Other Apartments,2009,20111
25-29 Years,Condominiums & Other Apartments,2008,19107
25-29 Years,Condominiums & Other Apartments,2007,20022
25-29 Years,Condominiums & Other Apartments,2006,20115
25-29 Years,Condominiums & Other Apartments,2005,18875
25-29 Years,Condominiums & Other Apartments,2004,17579
25-29 Years,Condominiums & Other Apartments,2003,16698
25-29 Years,Condominiums & Other Apartments,2002,16654
25-29 Years,Condominiums & Other Apartments,2001,14971
25-29 Years,Condominiums & Other Apartments,2000,12701
25-29 Years,Landed Properties,2025,15873
25-29 Years,Landed Properties,2024,16422
25-29 Years,Landed Properties,2023,17352
25-29 Years,Landed Properties,2022,17411
25-29 Years,Landed Properties,2021,17232
25-29 Years,Landed Properties,2020,18896
25-29 Years,Landed Properties,2019,19092
25-29 Years,Landed Properties,2018,19460
25-29 Years,Landed Properties,2017,19711
25-29 Years,Landed Properties,2016,19014
25-29 Years,Landed Properties,2015,18033
25-29 Years,Landed Properties,2014,17644
25-29 Years,Landed Properties,2013,16145
25-29 Years,Landed Properties,2012,15313
25-29 Years,Landed Properties,2011,15273
25-29 Years,Landed Properties,2010,15481
25-29 Years,Landed Properties,2009,15044
25-29 Years,Landed Properties,2008,14810
25-29 Years,Landed Properties,2007,14508
25-29 Years,Landed Properties,2006,14727
25-29 Years,Landed Properties,2005,14577
25-29 Years,Landed Properties,2004,14491
25-29 Years,Landed Properties,2003,14620
25-29 Years,Landed Properties,2002,15954
25-29 Years,Landed Properties,2001,16089
25-29 Years,Landed Properties,2000,16814
25-29 Years,Other Types Of Dwelling,2025,1091
25-29 Years,Other Types Of Dwelling,2024,1121
25-29 Years,Other Types Of Dwelling,2023,1245
25-29 Years,Other Types Of Dwelling,2022,1297
25-29 Years,Other Types Of Dwelling,2021,1190
25-29 Years,Other Types Of Dwelling,2020,1219
25-29 Years,Other Types Of Dwelling,2019,1228
25-29 Years,Other Types Of Dwelling,2018,1270
25-29 Years,Other Types Of Dwelling,2017,1373
25-29 Years,Other Types Of Dwelling,2016,1494
25-29 Years,Other Types Of Dwelling,2015,1677
25-29 Years,Other Types Of Dwelling,2014,1734
25-29 Years,Other Types Of Dwelling,2013,1751
25-29 Years,Other Types Of Dwelling,2012,1907
25-29 Years,Other Types Of Dwelling,2011,2016
25-29 Years,Other Types Of Dwelling,2010,2385
25-29 Years,Other Types Of Dwelling,2009,2629
25-29 Years,Other Types Of Dwelling,2008,2301
25-29 Years,Other Types Of Dwelling,2007,2030
25-29 Years,Other Types Of Dwelling,2006,1944
25-29 Years,Other Types Of Dwelling,2005,1922
25-29 Years,Other Types Of Dwelling,2004,2003
25-29 Years,Other Types Of Dwelling,2003,2122
25-29 Years,Other Types Of Dwelling,2002,2372
25-29 Years,Other Types Of Dwelling,2001,2484
25-29 Years,Other Types Of Dwelling,2000,2717
30-34 Years,HDB 1- And 2-Room Flats,2025,9553
30-34 Years,HDB 1- And 2-Room Flats,2024,9307
30-34 Years,HDB 1- And 2-Room Flats,2023,8960
30-34 Years,HDB 1- And 2-Room Flats,2022,8681
30-34 Years,HDB 1- And 2-Room Flats,2021,7988
30-34 Years,HDB 1- And 2-Room Flats,2020,7659
30-34 Years,HDB 1- And 2-Room Flats,2019,7383
30-34 Years,HDB 1- And 2-Room Flats,2018,7393
30-34 Years,HDB 1- And 2-Room Flats,2017,7448
30-34 Years,HDB 1- And 2-Room Flats,2016,7539
30-34 Years,HDB 1- And 2-Room Flats,2015,7450
30-34 Years,HDB 1- And 2-Room Flats,2014,7201
30-34 Years,HDB 1- And 2-Room Flats,2013,6841
30-34 Years,HDB 1- And 2-Room Flats,2012,6009
30-34 Years,HDB 1- And 2-Room Flats,2011,5345
30-34 Years,HDB 1- And 2-Room Flats,2010,4823
30-34 Years,HDB 1- And 2-Room Flats,2009,4536
30-34 Years,HDB 1- And 2-Room Flats,2008,4324
30-34 Years,HDB 1- And 2-Room Flats,2007,4302
30-34 Years,HDB 1- And 2-Room Flats,2006,4312
30-34 Years,HDB 1- And 2-Room Flats,2005,4351
30-34 Years,HDB 1- And 2-Room Flats,2004,4360
30-34 Years,HDB 1- And 2-Room Flats,2003,4410
30-34 Years,HDB 1- And 2-Room Flats,2002,4765
30-34 Years,HDB 1- And 2-Room Flats,2001,5302
30-34 Years,HDB 1- And 2-Room Flats,2000,6203
30-34 Years,HDB 3-Room Flats,2025,36835
30-34 Years,HDB 3-Room Flats,2024,37798
30-34 Years,HDB 3-Room Flats,2023,38793
30-34 Years,HDB 3-Room Flats,2022,38865
30-34 Years,HDB 3-Room Flats,2021,38150
30-34 Years,HDB 3-Room Flats,2020,38703
30-34 Years,HDB 3-Room Flats,2019,38725
30-34 Years,HDB 3-Room Flats,2018,38329
30-34 Years,HDB 3-Room Flats,2017,39536
30-34 Years,HDB 3-Room Flats,2016,41834
30-34 Years,HDB 3-Room Flats,2015,44011
30-34 Years,HDB 3-Room Flats,2014,45975
30-34 Years,HDB 3-Room Flats,2013,47335
30-34 Years,HDB 3-Room Flats,2012,48882
30-34 Years,HDB 3-Room Flats,2011,50770
30-34 Years,HDB 3-Room Flats,2010,51972
30-34 Years,HDB 3-Room Flats,2009,52457
30-34 Years,HDB 3-Room Flats,2008,50437
30-34 Years,HDB 3-Room Flats,2007,50265
30-34 Years,HDB 3-Room Flats,2006,49685
30-34 Years,HDB 3-Room Flats,2005,50232
30-34 Years,HDB 3-Room Flats,2004,50534
30-34 Years,HDB 3-Room Flats,2003,52193
30-34 Years,HDB 3-Room Flats,2002,53913
30-34 Years,HDB 3-Room Flats,2001,55058
30-34 Years,HDB 3-Room Flats,2000,58334
30-34 Years,HDB 4-Room Flats,2025,126495
30-34 Years,HDB 4-Room Flats,2024,126636
30-34 Years,HDB 4-Room Flats,2023,127151
30-34 Years,HDB 4-Room Flats,2022,123450
30-34 Years,HDB 4-Room Flats,2021,118639
30-34 Years,HDB 4-Room Flats,2020,118796
30-34 Years,HDB 4-Room Flats,2019,117831
30-34 Years,HDB 4-Room Flats,2018,113842
30-34 Years,HDB 4-Room Flats,2017,113732
30-34 Years,HDB 4-Room Flats,2016,116767
30-34 Years,HDB 4-Room Flats,2015,117891
30-34 Years,HDB 4-Room Flats,2014,117276
30-34 Years,HDB 4-Room Flats,2013,117201
30-34 Years,HDB 4-Room Flats,2012,114430
30-34 Years,HDB 4-Room Flats,2011,112331
30-34 Years,HDB 4-Room Flats,2010,109965
30-34 Years,HDB 4-Room Flats,2009,108261
30-34 Years,HDB 4-Room Flats,2008,104185
30-34 Years,HDB 4-Room Flats,2007,104010
30-34 Years,HDB 4-Room Flats,2006,103497
30-34 Years,HDB 4-Room Flats,2005,103960
30-34 Years,HDB 4-Room Flats,2004,103512
30-34 Years,HDB 4-Room Flats,2003,102949
30-34 Years,HDB 4-Room Flats,2002,104010
30-34 Years,HDB 4-Room Flats,2001,104074
30-34 Years,HDB 4-Room Flats,2000,107258
30-34 Years,HDB 5-Room And Executive Flats,2025,84106
30-34 Years,HDB 5-Room And Executive Flats,2024,84239
30-34 Years,HDB 5-Room And Executive Flats,2023,85283
30-34 Years,HDB 5-Room And Executive Flats,2022,83386
30-34 Years,HDB 5-Room And Executive Flats,2021,79193
30-34 Years,HDB 5-Room And Executive Flats,2020,77578
30-34 Years,HDB 5-Room And Executive Flats,2019,75995
30-34 Years,HDB 5-Room And Executive Flats,2018,71827
30-34 Years,HDB 5-Room And Executive Flats,2017,71050
30-34 Years,HDB 5-Room And Executive Flats,2016,72790
30-34 Years,HDB 5-Room And Executive Flats,2015,75607
30-34 Years,HDB 5-Room And Executive Flats,2014,77864
30-34 Years,HDB 5-Room And Executive Flats,2013,81338
30-34 Years,HDB 5-Room And Executive Flats,2012,82284
30-34 Years,HDB 5-Room And Executive Flats,2011,84543
30-34 Years,HDB 5-Room And Executive Flats,2010,86374
30-34 Years,HDB 5-Room And Executive Flats,2009,87620
30-34 Years,HDB 5-Room And Executive Flats,2008,87692
30-34 Years,HDB 5-Room And Executive Flats,2007,90137
30-34 Years,HDB 5-Room And Executive Flats,2006,90683
30-34 Years,HDB 5-Room And Executive Flats,2005,91675
30-34 Years,HDB 5-Room And Executive Flats,2004,91112
30-34 Years,HDB 5-Room And Executive Flats,2003,88795
30-34 Years,HDB 5-Room And Executive Flats,2002,86981
30-34 Years,HDB 5-Room And Executive Flats,2001,84395
30-34 Years,HDB 5-Room And Executive Flats,2000,82896
30-34 Years,Condominiums & Other Apartments,2025,46977
30-34 Years,Condominiums & Other Apartments,2024,46064
30-34 Years,Condominiums & Other Apartments,2023,46192
30-34 Years,Condominiums & Other Apartments,2022,45528
30-34 Years,Condominiums & Other Apartments,2021,41257
30-34 Years,Condominiums & Other Apartments,2020,39079
30-34 Years,Condominiums & Other Apartments,2019,38005
30-34 Years,Condominiums & Other Apartments,2018,35412
30-34 Years,Condominiums & Other Apartments,2017,33357
30-34 Years,Condominiums & Other Apartments,2016,31824
30-34 Years,Condominiums & Other Apartments,2015,30522
30-34 Years,Condominiums & Other Apartments,2014,28575
30-34 Years,Condominiums & Other Apartments,2013,28193
30-34 Years,Condominiums & Other Apartments,2012,27818
30-34 Years,Condominiums & Other Apartments,2011,28321
30-34 Years,Condominiums & Other Apartments,2010,28731
30-34 Years,Condominiums & Other Apartments,2009,27513
30-34 Years,Condominiums & Other Apartments,2008,26880
30-34 Years,Condominiums & Other Apartments,2007,29360
30-34 Years,Condominiums & Other Apartments,2006,29243
30-34 Years,Condominiums & Other Apartments,2005,27376
30-34 Years,Condominiums & Other Apartments,2004,25197
30-34 Years,Condominiums & Other Apartments,2003,23143
30-34 Years,Condominiums & Other Apartments,2002,22583
30-34 Years,Condominiums & Other Apartments,2001,20483
30-34 Years,Condominiums & Other Apartments,2000,17554
30-34 Years,Landed Properties,2025,14341
30-34 Years,Landed Properties,2024,14889
30-34 Years,Landed Properties,2023,15687
30-34 Years,Landed Properties,2022,15724
30-34 Years,Landed Properties,2021,14385
30-34 Years,Landed Properties,2020,14538
30-34 Years,Landed Properties,2019,14057
30-34 Years,Landed Properties,2018,13114
30-34 Years,Landed Properties,2017,12657
30-34 Years,Landed Properties,2016,12846
30-34 Years,Landed Properties,2015,13027
30-34 Years,Landed Properties,2014,13047
30-34 Years,Landed Properties,2013,13255
30-34 Years,Landed Properties,2012,13058
30-34 Years,Landed Properties,2011,13337
30-34 Years,Landed Properties,2010,13498
30-34 Years,Landed Properties,2009,13400
30-34 Years,Landed Properties,2008,13171
30-34 Years,Landed Properties,2007,13312
30-34 Years,Landed Properties,2006,13018
30-34 Years,Landed Properties,2005,13092
30-34 Years,Landed Properties,2004,13149
30-34 Years,Landed Properties,2003,13091
30-34 Years,Landed Properties,2002,13778
30-34 Years,Landed Properties,2001,14013
30-34 Years,Landed Properties,2000,14380
30-34 Years,Other Types Of Dwelling,2025,1529
30-34 Years,Other Types Of Dwelling,2024,1553
30-34 Years,Other Types Of Dwelling,2023,1561
30-34 Years,Other Types Of Dwelling,2022,1519
30-34 Years,Other Types Of Dwelling,2021,1448
30-34 Years,Other Types Of Dwelling,2020,1445
30-34 Years,Other Types Of Dwelling,2019,1450
30-34 Years,Other Types Of Dwelling,2018,1480
30-34 Years,Other Types Of Dwelling,2017,1560
30-34 Years,Other Types Of Dwelling,2016,1784
30-34 Years,Other Types Of Dwelling,2015,1945
30-34 Years,Other Types Of Dwelling,2014,2114
30-34 Years,Other Types Of Dwelling,2013,2328
30-34 Years,Other Types Of Dwelling,2012,2446
30-34 Years,Other Types Of Dwelling,2011,2423
30-34 Years,Other Types Of Dwelling,2010,2707
30-34 Years,Other Types Of Dwelling,2009,2885
30-34 Years,Other Types Of Dwelling,2008,2607
30-34 Years,Other Types Of Dwelling,2007,2413
30-34 Years,Other Types Of Dwelling,2006,2188
30-34 Years,Other Types Of Dwelling,2005,2144
30-34 Years,Other Types Of Dwelling,2004,2064
30-34 Years,Other Types Of Dwelling,2003,2121
30-34 Years,Other Types Of Dwelling,2002,2325
30-34 Years,Other Types Of Dwelling,2001,2423
30-34 Years,Other Types Of Dwelling,2000,2601
35-39 Years,HDB 1- And 2-Room Flats,2025,8605
35-39 Years,HDB 1- And 2-Room Flats,2024,8117
35-39 Years,HDB 1- And 2-Room Flats,2023,7549
35-39 Years,HDB 1- And 2-Room Flats,2022,7210
35-39 Years,HDB 1- And 2-Room Flats,2021,7052
35-39 Years,HDB 1- And 2-Room Flats,2020,7021
35-39 Years,HDB 1- And 2-Room Flats,2019,6912
35-39 Years,HDB 1- And 2-Room Flats,2018,6972
35-39 Years,HDB 1- And 2-Room Flats,2017,6871
35-39 Years,HDB 1- And 2-Room Flats,2016,6611
35-39 Years,HDB 1- And 2-Room Flats,2015,6605
35-39 Years,HDB 1- And 2-Room Flats,2014,6462
35-39 Years,HDB 1- And 2-Room Flats,2013,6143
35-39 Years,HDB 1- And 2-Room Flats,2012,6051
35-39 Years,HDB 1- And 2-Room Flats,2011,5949
35-39 Years,HDB 1- And 2-Room Flats,2010,5547
35-39 Years,HDB 1- And 2-Room Flats,2009,5254
35-39 Years,HDB 1- And 2-Room Flats,2008,5054
35-39 Years,HDB 1- And 2-Room Flats,2007,4832
35-39 Years,HDB 1- And 2-Room Flats,2006,4799
35-39 Years,HDB 1- And 2-Room Flats,2005,4939
35-39 Years,HDB 1- And 2-Room Flats,2004,5010
35-39 Years,HDB 1- And 2-Room Flats,2003,5236
35-39 Years,HDB 1- And 2-Room Flats,2002,5588
35-39 Years,HDB 1- And 2-Room Flats,2001,6039
35-39 Years,HDB 1- And 2-Room Flats,2000,6882
35-39 Years,HDB 3-Room Flats,2025,36759
35-39 Years,HDB 3-Room Flats,2024,36773
35-39 Years,HDB 3-Room Flats,2023,35985
35-39 Years,HDB 3-Room Flats,2022,35718
35-39 Years,HDB 3-Room Flats,2021,36514
35-39 Years,HDB 3-Room Flats,2020,39078
35-39 Years,HDB 3-Room Flats,2019,40218
35-39 Years,HDB 3-Room Flats,2018,41872
35-39 Years,HDB 3-Room Flats,2017,42834
35-39 Years,HDB 3-Room Flats,2016,44590
35-39 Years,HDB 3-Room Flats,2015,45676
35-39 Years,HDB 3-Room Flats,2014,46593
35-39 Years,HDB 3-Room Flats,2013,47669
35-39 Years,HDB 3-Room Flats,2012,49855
35-39 Years,HDB 3-Room Flats,2011,50920
35-39 Years,HDB 3-Room Flats,2010,51468
35-39 Years,HDB 3-Room Flats,2009,51171
35-39 Years,HDB 3-Room Flats,2008,48990
35-39 Years,HDB 3-Room Flats,2007,47973
35-39 Years,HDB 3-Room Flats,2006,47849
35-39 Years,HDB 3-Room Flats,2005,49323
35-39 Years,HDB 3-Room Flats,2004,51323
35-39 Years,HDB 3-Room Flats,2003,54005
35-39 Years,HDB 3-Room Flats,2002,57030
35-39 Years,HDB 3-Room Flats,2001,59407
35-39 Years,HDB 3-Room Flats,2000,62269
35-39 Years,HDB 4-Room Flats,2025,116723
35-39 Years,HDB 4-Room Flats,2024,114676
35-39 Years,HDB 4-Room Flats,2023,109828
35-39 Years,HDB 4-Room Flats,2022,106635
35-39 Years,HDB 4-Room Flats,2021,107687
35-39 Years,HDB 4-Room Flats,2020,112125
35-39 Years,HDB 4-Room Flats,2019,112502
35-39 Years,HDB 4-Room Flats,2018,112727
35-39 Years,HDB 4-Room Flats,2017,111688
35-39 Years,HDB 4-Room Flats,2016,110901
35-39 Years,HDB 4-Room Flats,2015,109281
35-39 Years,HDB 4-Room Flats,2014,108319
35-39 Years,HDB 4-Room Flats,2013,107336
35-39 Years,HDB 4-Room Flats,2012,107657
35-39 Years,HDB 4-Room Flats,2011,106669
35-39 Years,HDB 4-Room Flats,2010,107242
35-39 Years,HDB 4-Room Flats,2009,106321
35-39 Years,HDB 4-Room Flats,2008,102665
35-39 Years,HDB 4-Room Flats,2007,100597
35-39 Years,HDB 4-Room Flats,2006,100376
35-39 Years,HDB 4-Room Flats,2005,102257
35-39 Years,HDB 4-Room Flats,2004,104973
35-39 Years,HDB 4-Room Flats,2003,109160
35-39 Years,HDB 4-Room Flats,2002,113456
35-39 Years,HDB 4-Room Flats,2001,114367
35-39 Years,HDB 4-Room Flats,2000,114584
35-39 Years,HDB 5-Room And Executive Flats,2025,79939
35-39 Years,HDB 5-Room And Executive Flats,2024,78246
35-39 Years,HDB 5-Room And Executive Flats,2023,74682
35-39 Years,HDB 5-Room And Executive Flats,2022,71612
35-39 Years,HDB 5-Room And Executive Flats,2021,70623
35-39 Years,HDB 5-Room And Executive Flats,2020,73552
35-39 Years,HDB 5-Room And Executive Flats,2019,74298
35-39 Years,HDB 5-Room And Executive Flats,2018,76285
35-39 Years,HDB 5-Room And Executive Flats,2017,77561
35-39 Years,HDB 5-Room And Executive Flats,2016,80109
35-39 Years,HDB 5-Room And Executive Flats,2015,81997
35-39 Years,HDB 5-Room And Executive Flats,2014,84436
35-39 Years,HDB 5-Room And Executive Flats,2013,87728
35-39 Years,HDB 5-Room And Executive Flats,2012,92365
35-39 Years,HDB 5-Room And Executive Flats,2011,94723
35-39 Years,HDB 5-Room And Executive Flats,2010,97585
35-39 Years,HDB 5-Room And Executive Flats,2009,98379
35-39 Years,HDB 5-Room And Executive Flats,2008,96082
35-39 Years,HDB 5-Room And Executive Flats,2007,93958
35-39 Years,HDB 5-Room And Executive Flats,2006,92624
35-39 Years,HDB 5-Room And Executive Flats,2005,92478
35-39 Years,HDB 5-Room And Executive Flats,2004,92891
35-39 Years,HDB 5-Room And Executive Flats,2003,93599
35-39 Years,HDB 5-Room And Executive Flats,2002,94074
35-39 Years,HDB 5-Room And Executive Flats,2001,92804
35-39 Years,HDB 5-Room And Executive Flats,2000,90443
35-39 Years,Condominiums & Other Apartments,2025,63662
35-39 Years,Condominiums & Other Apartments,2024,62184
35-39 Years,Condominiums & Other Apartments,2023,57729
35-39 Years,Condominiums & Other Apartments,2022,56296
35-39 Years,Condominiums & Other Apartments,2021,54568
35-39 Years,Condominiums & Other Apartments,2020,54289
35-39 Years,Condominiums & Other Apartments,2019,53325
35-39 Years,Condominiums & Other Apartments,2018,51866
35-39 Years,Condominiums & Other Apartments,2017,47625
35-39 Years,Condominiums & Other Apartments,2016,44437
35-39 Years,Condominiums & Other Apartments,2015,41713
35-39 Years,Condominiums & Other Apartments,2014,39609
35-39 Years,Condominiums & Other Apartments,2013,39364
35-39 Years,Condominiums & Other Apartments,2012,39944
35-39 Years,Condominiums & Other Apartments,2011,39674
35-39 Years,Condominiums & Other Apartments,2010,39458
35-39 Years,Condominiums & Other Apartments,2009,37660
35-39 Years,Condominiums & Other Apartments,2008,36543
35-39 Years,Condominiums & Other Apartments,2007,37304
35-39 Years,Condominiums & Other Apartments,2006,35766
35-39 Years,Condominiums & Other Apartments,2005,33361
35-39 Years,Condominiums & Other Apartments,2004,31323
35-39 Years,Condominiums & Other Apartments,2003,30125
35-39 Years,Condominiums & Other Apartments,2002,30000
35-39 Years,Condominiums & Other Apartments,2001,28061
35-39 Years,Condominiums & Other Apartments,2000,25009
35-39 Years,Landed Properties,2025,12757
35-39 Years,Landed Properties,2024,12910
35-39 Years,Landed Properties,2023,12617
35-39 Years,Landed Properties,2022,11922
35-39 Years,Landed Properties,2021,11243
35-39 Years,Landed Properties,2020,11918
35-39 Years,Landed Properties,2019,11981
35-39 Years,Landed Properties,2018,12295
35-39 Years,Landed Properties,2017,12470
35-39 Years,Landed Properties,2016,13106
35-39 Years,Landed Properties,2015,13403
35-39 Years,Landed Properties,2014,13986
35-39 Years,Landed Properties,2013,14268
35-39 Years,Landed Properties,2012,14962
35-39 Years,Landed Properties,2011,15056
35-39 Years,Landed Properties,2010,15482
35-39 Years,Landed Properties,2009,15223
35-39 Years,Landed Properties,2008,14807
35-39 Years,Landed Properties,2007,14331
35-39 Years,Landed Properties,2006,13909
35-39 Years,Landed Properties,2005,14026
35-39 Years,Landed Properties,2004,14577
35-39 Years,Landed Properties,2003,15407
35-39 Years,Landed Properties,2002,16944
35-39 Years,Landed Properties,2001,17835
35-39 Years,Landed Properties,2000,18592
35-39 Years,Other Types Of Dwelling,2025,1680
35-39 Years,Other Types Of Dwelling,2024,1669
35-39 Years,Other Types Of Dwelling,2023,1647
35-39 Years,Other Types Of Dwelling,2022,1588
35-39 Years,Other Types Of Dwelling,2021,1534
35-39 Years,Other Types Of Dwelling,2020,1532
35-39 Years,Other Types Of Dwelling,2019,1582
35-39 Years,Other Types Of Dwelling,2018,1703
35-39 Years,Other Types Of Dwelling,2017,1907
35-39 Years,Other Types Of Dwelling,2016,2101
35-39 Years,Other Types Of Dwelling,2015,2219
35-39 Years,Other Types Of Dwelling,2014,2415
35-39 Years,Other Types Of Dwelling,2013,2607
35-39 Years,Other Types Of Dwelling,2012,2690
35-39 Years,Other Types Of Dwelling,2011,2720
35-39 Years,Other Types Of Dwelling,2010,2753
35-39 Years,Other Types Of Dwelling,2009,2817
35-39 Years,Other Types Of Dwelling,2008,2649
35-39 Years,Other Types Of Dwelling,2007,2443
35-39 Years,Other Types Of Dwelling,2006,2304
35-39 Years,Other Types Of Dwelling,2005,2184
35-39 Years,Other Types Of Dwelling,2004,2201
35-39 Years,Other Types Of Dwelling,2003,2346
35-39 Years,Other Types Of Dwelling,2002,2634
35-39 Years,Other Types Of Dwelling,2001,2885
35-39 Years,Other Types Of Dwelling,2000,3061
40-44 Years,HDB 1- And 2-Room Flats,2025,10201
40-44 Years,HDB 1- And 2-Room Flats,2024,9746
40-44 Years,HDB 1- And 2-Room Flats,2023,9321
40-44 Years,HDB 1- And 2-Room Flats,2022,8712
40-44 Years,HDB 1- And 2-Room Flats,2021,8542
40-44 Years,HDB 1- And 2-Room Flats,2020,8475
40-44 Years,HDB 1- And 2-Room Flats,2019,8323
40-44 Years,HDB 1- And 2-Room Flats,2018,7850
40-44 Years,HDB 1- And 2-Room Flats,2017,7844
40-44 Years,HDB 1- And 2-Room Flats,2016,8279
40-44 Years,HDB 1- And 2-Room Flats,2015,8438
40-44 Years,HDB 1- And 2-Room Flats,2014,8318
40-44 Years,HDB 1- And 2-Room Flats,2013,8122
40-44 Years,HDB 1- And 2-Room Flats,2012,7590
40-44 Years,HDB 1- And 2-Room Flats,2011,7236
40-44 Years,HDB 1- And 2-Room Flats,2010,6954
40-44 Years,HDB 1- And 2-Room Flats,2009,6728
40-44 Years,HDB 1- And 2-Room Flats,2008,6610
40-44 Years,HDB 1- And 2-Room Flats,2007,6448
40-44 Years,HDB 1- And 2-Room Flats,2006,6326
40-44 Years,HDB 1- And 2-Room Flats,2005,6362
40-44 Years,HDB 1- And 2-Room Flats,2004,6608
40-44 Years,HDB 1- And 2-Room Flats,2003,6855
40-44 Years,HDB 1- And 2-Room Flats,2002,7405
40-44 Years,HDB 1- And 2-Room Flats,2001,7970
40-44 Years,HDB 1- And 2-Room Flats,2000,8622
40-44 Years,HDB 3-Room Flats,2025,36354
40-44 Years,HDB 3-Room Flats,2024,37442
40-44 Years,HDB 3-Room Flats,2023,38880
40-44 Years,HDB 3-Room Flats,2022,38678
40-44 Years,HDB 3-Room Flats,2021,38822
40-44 Years,HDB 3-Room Flats,2020,40405
40-44 Years,HDB 3-Room Flats,2019,41371
40-44 Years,HDB 3-Room Flats,2018,42940
40-44 Years,HDB 3-Room Flats,2017,45184
40-44 Years,HDB 3-Room Flats,2016,46488
40-44 Years,HDB 3-Room Flats,2015,47569
40-44 Years,HDB 3-Room Flats,2014,47908
40-44 Years,HDB 3-Room Flats,2013,47742
40-44 Years,HDB 3-Room Flats,2012,48223
40-44 Years,HDB 3-Room Flats,2011,49021
40-44 Years,HDB 3-Room Flats,2010,50297
40-44 Years,HDB 3-Room Flats,2009,51803
40-44 Years,HDB 3-Room Flats,2008,52714
40-44 Years,HDB 3-Room Flats,2007,53663
40-44 Years,HDB 3-Room Flats,2006,54342
40-44 Years,HDB 3-Room Flats,2005,54786
40-44 Years,HDB 3-Room Flats,2004,55860
40-44 Years,HDB 3-Room Flats,2003,56680
40-44 Years,HDB 3-Room Flats,2002,58610
40-44 Years,HDB 3-Room Flats,2001,60548
40-44 Years,HDB 3-Room Flats,2000,63318
40-44 Years,HDB 4-Room Flats,2025,101606
40-44 Years,HDB 4-Room Flats,2024,102060
40-44 Years,HDB 4-Room Flats,2023,102746
40-44 Years,HDB 4-Room Flats,2022,99534
40-44 Years,HDB 4-Room Flats,2021,96547
40-44 Years,HDB 4-Room Flats,2020,98401
40-44 Years,HDB 4-Room Flats,2019,97774
40-44 Years,HDB 4-Room Flats,2018,98125
40-44 Years,HDB 4-Room Flats,2017,100152
40-44 Years,HDB 4-Room Flats,2016,100561
40-44 Years,HDB 4-Room Flats,2015,101498
40-44 Years,HDB 4-Room Flats,2014,101422
40-44 Years,HDB 4-Room Flats,2013,100529
40-44 Years,HDB 4-Room Flats,2012,99634
40-44 Years,HDB 4-Room Flats,2011,99434
40-44 Years,HDB 4-Room Flats,2010,101610
40-44 Years,HDB 4-Room Flats,2009,104022
40-44 Years,HDB 4-Room Flats,2008,106448
40-44 Years,HDB 4-Room Flats,2007,107952
40-44 Years,HDB 4-Room Flats,2006,109619
40-44 Years,HDB 4-Room Flats,2005,109333
40-44 Years,HDB 4-Room Flats,2004,109633
40-44 Years,HDB 4-Room Flats,2003,108565
40-44 Years,HDB 4-Room Flats,2002,109074
40-44 Years,HDB 4-Room Flats,2001,107726
40-44 Years,HDB 4-Room Flats,2000,105606
40-44 Years,HDB 5-Room And Executive Flats,2025,73533
40-44 Years,HDB 5-Room And Executive Flats,2024,73383
40-44 Years,HDB 5-Room And Executive Flats,2023,73723
40-44 Years,HDB 5-Room And Executive Flats,2022,71678
40-44 Years,HDB 5-Room And Executive Flats,2021,71170
40-44 Years,HDB 5-Room And Executive Flats,2020,74007
40-44 Years,HDB 5-Room And Executive Flats,2019,75868
40-44 Years,HDB 5-Room And Executive Flats,2018,78594
40-44 Years,HDB 5-Room And Executive Flats,2017,83494
40-44 Years,HDB 5-Room And Executive Flats,2016,86492
40-44 Years,HDB 5-Room And Executive Flats,2015,89739
40-44 Years,HDB 5-Room And Executive Flats,2014,91491
40-44 Years,HDB 5-Room And Executive Flats,2013,91484
40-44 Years,HDB 5-Room And Executive Flats,2012,90894
40-44 Years,HDB 5-Room And Executive Flats,2011,90595
40-44 Years,HDB 5-Room And Executive Flats,2010,91152
40-44 Years,HDB 5-Room And Executive Flats,2009,92119
40-44 Years,HDB 5-Room And Executive Flats,2008,93190
40-44 Years,HDB 5-Room And Executive Flats,2007,93130
40-44 Years,HDB 5-Room And Executive Flats,2006,93578
40-44 Years,HDB 5-Room And Executive Flats,2005,93322
40-44 Years,HDB 5-Room And Executive Flats,2004,92704
40-44 Years,HDB 5-Room And Executive Flats,2003,91240
40-44 Years,HDB 5-Room And Executive Flats,2002,90337
40-44 Years,HDB 5-Room And Executive Flats,2001,87120
40-44 Years,HDB 5-Room And Executive Flats,2000,82302
40-44 Years,Condominiums & Other Apartments,2025,74725
40-44 Years,Condominiums & Other Apartments,2024,72169
40-44 Years,Condominiums & Other Apartments,2023,69659
40-44 Years,Condominiums & Other Apartments,2022,65962
40-44 Years,Condominiums & Other Apartments,2021,62891
40-44 Years,Condominiums & Other Apartments,2020,62176
40-44 Years,Condominiums & Other Apartments,2019,61030
40-44 Years,Condominiums & Other Apartments,2018,59246
40-44 Years,Condominiums & Other Apartments,2017,57014
40-44 Years,Condominiums & Other Apartments,2016,52909
40-44 Years,Condominiums & Other Apartments,2015,49869
40-44 Years,Condominiums & Other Apartments,2014,46676
40-44 Years,Condominiums & Other Apartments,2013,44415
40-44 Years,Condominiums & Other Apartments,2012,42476
40-44 Years,Condominiums & Other Apartments,2011,40626
40-44 Years,Condominiums & Other Apartments,2010,39444
40-44 Years,Condominiums & Other Apartments,2009,38159
40-44 Years,Condominiums & Other Apartments,2008,37555
40-44 Years,Condominiums & Other Apartments,2007,38405
40-44 Years,Condominiums & Other Apartments,2006,37069
40-44 Years,Condominiums & Other Apartments,2005,34886
40-44 Years,Condominiums & Other Apartments,2004,32698
40-44 Years,Condominiums & Other Apartments,2003,30680
40-44 Years,Condominiums & Other Apartments,2002,29653
40-44 Years,Condominiums & Other Apartments,2001,27377
40-44 Years,Condominiums & Other Apartments,2000,24430
40-44 Years,Landed Properties,2025,13731
40-44 Years,Landed Properties,2024,13767
40-44 Years,Landed Properties,2023,14141
40-44 Years,Landed Properties,2022,13645
40-44 Years,Landed Properties,2021,13247
40-44 Years,Landed Properties,2020,14163
40-44 Years,Landed Properties,2019,14609
40-44 Years,Landed Properties,2018,14932
40-44 Years,Landed Properties,2017,15728
40-44 Years,Landed Properties,2016,16318
40-44 Years,Landed Properties,2015,17030
40-44 Years,Landed Properties,2014,17517
40-44 Years,Landed Properties,2013,17395
40-44 Years,Landed Properties,2012,17095
40-44 Years,Landed Properties,2011,16777
40-44 Years,Landed Properties,2010,16862
40-44 Years,Landed Properties,2009,16924
40-44 Years,Landed Properties,2008,17503
40-44 Years,Landed Properties,2007,18051
40-44 Years,Landed Properties,2006,18616
40-44 Years,Landed Properties,2005,19290
40-44 Years,Landed Properties,2004,19968
40-44 Years,Landed Properties,2003,20468
40-44 Years,Landed Properties,2002,21550
40-44 Years,Landed Properties,2001,22366
40-44 Years,Landed Properties,2000,22748
40-44 Years,Other Types Of Dwelling,2025,1622
40-44 Years,Other Types Of Dwelling,2024,1692
40-44 Years,Other Types Of Dwelling,2023,1703
40-44 Years,Other Types Of Dwelling,2022,1662
40-44 Years,Other Types Of Dwelling,2021,1551
40-44 Years,Other Types Of Dwelling,2020,1664
40-44 Years,Other Types Of Dwelling,2019,1788
40-44 Years,Other Types Of Dwelling,2018,1953
40-44 Years,Other Types Of Dwelling,2017,2068
40-44 Years,Other Types Of Dwelling,2016,2212
40-44 Years,Other Types Of Dwelling,2015,2414
40-44 Years,Other Types Of Dwelling,2014,2460
40-44 Years,Other Types Of Dwelling,2013,2526
40-44 Years,Other Types Of Dwelling,2012,2490
40-44 Years,Other Types Of Dwelling,2011,2473
40-44 Years,Other Types Of Dwelling,2010,2553
40-44 Years,Other Types Of Dwelling,2009,2661
40-44 Years,Other Types Of Dwelling,2008,2742
40-44 Years,Other Types Of Dwelling,2007,2625
40-44 Years,Other Types Of Dwelling,2006,2573
40-44 Years,Other Types Of Dwelling,2005,2523
40-44 Years,Other Types Of Dwelling,2004,2530
40-44 Years,Other Types Of Dwelling,2003,2549
40-44 Years,Other Types Of Dwelling,2002,2659
40-44 Years,Other Types Of Dwelling,2001,2785
40-44 Years,Other Types Of Dwelling,2000,3010
45-49 Years,HDB 1- And 2-Room Flats,2025,11186
45-49 Years,HDB 1- And 2-Room Flats,2024,10924
45-49 Years,HDB 1- And 2-Room Flats,2023,10577
45-49 Years,HDB 1- And 2-Room Flats,2022,10374
45-49 Years,HDB 1- And 2-Room Flats,2021,10423
45-49 Years,HDB 1- And 2-Room Flats,2020,10476
45-49 Years,HDB 1- And 2-Room Flats,2019,10231
45-49 Years,HDB 1- And 2-Room Flats,2018,10041
45-49 Years,HDB 1- And 2-Room Flats,2017,10005
45-49 Years,HDB 1- And 2-Room Flats,2016,10276
45-49 Years,HDB 1- And 2-Room Flats,2015,10755
45-49 Years,HDB 1- And 2-Room Flats,2014,10806
45-49 Years,HDB 1- And 2-Room Flats,2013,10613
45-49 Years,HDB 1- And 2-Room Flats,2012,9898
45-49 Years,HDB 1- And 2-Room Flats,2011,9342
45-49 Years,HDB 1- And 2-Room Flats,2010,8770
45-49 Years,HDB 1- And 2-Room Flats,2009,8412
45-49 Years,HDB 1- And 2-Room Flats,2008,8298
45-49 Years,HDB 1- And 2-Room Flats,2007,8326
45-49 Years,HDB 1- And 2-Room Flats,2006,8406
45-49 Years,HDB 1- And 2-Room Flats,2005,8371
45-49 Years,HDB 1- And 2-Room Flats,2004,8183
45-49 Years,HDB 1- And 2-Room Flats,2003,8016
45-49 Years,HDB 1- And 2-Room Flats,2002,8057
45-49 Years,HDB 1- And 2-Room Flats,2001,8062
45-49 Years,HDB 1- And 2-Room Flats,2000,8407
45-49 Years,HDB 3-Room Flats,2025,37591
45-49 Years,HDB 3-Room Flats,2024,38426
45-49 Years,HDB 3-Room Flats,2023,39727
45-49 Years,HDB 3-Room Flats,2022,40979
45-49 Years,HDB 3-Room Flats,2021,41425
45-49 Years,HDB 3-Room Flats,2020,43905
45-49 Years,HDB 3-Room Flats,2019,44340
45-49 Years,HDB 3-Room Flats,2018,44529
45-49 Years,HDB 3-Room Flats,2017,44807
45-49 Years,HDB 3-Room Flats,2016,45752
45-49 Years,HDB 3-Room Flats,2015,47143
45-49 Years,HDB 3-Room Flats,2014,49275
45-49 Years,HDB 3-Room Flats,2013,51467
45-49 Years,HDB 3-Room Flats,2012,53410
45-49 Years,HDB 3-Room Flats,2011,54918
45-49 Years,HDB 3-Room Flats,2010,54994
45-49 Years,HDB 3-Room Flats,2009,55077
45-49 Years,HDB 3-Room Flats,2008,54432
45-49 Years,HDB 3-Room Flats,2007,54350
45-49 Years,HDB 3-Room Flats,2006,54422
45-49 Years,HDB 3-Room Flats,2005,54741
45-49 Years,HDB 3-Room Flats,2004,54538
45-49 Years,HDB 3-Room Flats,2003,55271
45-49 Years,HDB 3-Room Flats,2002,55978
45-49 Years,HDB 3-Room Flats,2001,56583
45-49 Years,HDB 3-Room Flats,2000,57809
45-49 Years,HDB 4-Room Flats,2025,92183
45-49 Years,HDB 4-Room Flats,2024,91862
45-49 Years,HDB 4-Room Flats,2023,91935
45-49 Years,HDB 4-Room Flats,2022,91338
45-49 Years,HDB 4-Room Flats,2021,89599
45-49 Years,HDB 4-Room Flats,2020,92941
45-49 Years,HDB 4-Room Flats,2019,93144
45-49 Years,HDB 4-Room Flats,2018,93033
45-49 Years,HDB 4-Room Flats,2017,93156
45-49 Years,HDB 4-Room Flats,2016,94082
45-49 Years,HDB 4-Room Flats,2015,96829
45-49 Years,HDB 4-Room Flats,2014,99893
45-49 Years,HDB 4-Room Flats,2013,103575
45-49 Years,HDB 4-Room Flats,2012,106167
45-49 Years,HDB 4-Room Flats,2011,107861
45-49 Years,HDB 4-Room Flats,2010,107922
45-49 Years,HDB 4-Room Flats,2009,108130
45-49 Years,HDB 4-Room Flats,2008,106825
45-49 Years,HDB 4-Room Flats,2007,105809
45-49 Years,HDB 4-Room Flats,2006,105277
45-49 Years,HDB 4-Room Flats,2005,103639
45-49 Years,HDB 4-Room Flats,2004,102008
45-49 Years,HDB 4-Room Flats,2003,99599
45-49 Years,HDB 4-Room Flats,2002,97381
45-49 Years,HDB 4-Room Flats,2001,91903
45-49 Years,HDB 4-Room Flats,2000,86382
45-49 Years,HDB 5-Room And Executive Flats,2025,71991
45-49 Years,HDB 5-Room And Executive Flats,2024,72745
45-49 Years,HDB 5-Room And Executive Flats,2023,74330
45-49 Years,HDB 5-Room And Executive Flats,2022,76017
45-49 Years,HDB 5-Room And Executive Flats,2021,76428
45-49 Years,HDB 5-Room And Executive Flats,2020,81183
45-49 Years,HDB 5-Room And Executive Flats,2019,82826
45-49 Years,HDB 5-Room And Executive Flats,2018,83076
45-49 Years,HDB 5-Room And Executive Flats,2017,83475
45-49 Years,HDB 5-Room And Executive Flats,2016,83922
45-49 Years,HDB 5-Room And Executive Flats,2015,85118
45-49 Years,HDB 5-Room And Executive Flats,2014,86635
45-49 Years,HDB 5-Room And Executive Flats,2013,88847
45-49 Years,HDB 5-Room And Executive Flats,2012,90127
45-49 Years,HDB 5-Room And Executive Flats,2011,90941
45-49 Years,HDB 5-Room And Executive Flats,2010,91110
45-49 Years,HDB 5-Room And Executive Flats,2009,91112
45-49 Years,HDB 5-Room And Executive Flats,2008,90108
45-49 Years,HDB 5-Room And Executive Flats,2007,88720
45-49 Years,HDB 5-Room And Executive Flats,2006,87375
45-49 Years,HDB 5-Room And Executive Flats,2005,84980
45-49 Years,HDB 5-Room And Executive Flats,2004,81976
45-49 Years,HDB 5-Room And Executive Flats,2003,77816
45-49 Years,HDB 5-Room And Executive Flats,2002,74012
45-49 Years,HDB 5-Room And Executive Flats,2001,69098
45-49 Years,HDB 5-Room And Executive Flats,2000,63144
45-49 Years,Condominiums & Other Apartments,2025,71413
45-49 Years,Condominiums & Other Apartments,2024,69284
45-49 Years,Condominiums & Other Apartments,2023,67395
45-49 Years,Condominiums & Other Apartments,2022,66700
45-49 Years,Condominiums & Other Apartments,2021,63774
45-49 Years,Condominiums & Other Apartments,2020,63531
45-49 Years,Condominiums & Other Apartments,2019,61194
45-49 Years,Condominiums & Other Apartments,2018,57420
45-49 Years,Condominiums & Other Apartments,2017,52171
45-49 Years,Condominiums & Other Apartments,2016,47109
45-49 Years,Condominiums & Other Apartments,2015,43368
45-49 Years,Condominiums & Other Apartments,2014,40863
45-49 Years,Condominiums & Other Apartments,2013,39668
45-49 Years,Condominiums & Other Apartments,2012,38484
45-49 Years,Condominiums & Other Apartments,2011,37578
45-49 Years,Condominiums & Other Apartments,2010,36385
45-49 Years,Condominiums & Other Apartments,2009,34868
45-49 Years,Condominiums & Other Apartments,2008,33289
45-49 Years,Condominiums & Other Apartments,2007,32934
45-49 Years,Condominiums & Other Apartments,2006,31633
45-49 Years,Condominiums & Other Apartments,2005,29676
45-49 Years,Condominiums & Other Apartments,2004,27579
45-49 Years,Condominiums & Other Apartments,2003,25580
45-49 Years,Condominiums & Other Apartments,2002,24090
45-49 Years,Condominiums & Other Apartments,2001,21446
45-49 Years,Condominiums & Other Apartments,2000,19091
45-49 Years,Landed Properties,2025,15905
45-49 Years,Landed Properties,2024,16224
45-49 Years,Landed Properties,2023,16696
45-49 Years,Landed Properties,2022,16997
45-49 Years,Landed Properties,2021,16639
45-49 Years,Landed Properties,2020,17808
45-49 Years,Landed Properties,2019,18071
45-49 Years,Landed Properties,2018,17831
45-49 Years,Landed Properties,2017,17793
45-49 Years,Landed Properties,2016,17663
45-49 Years,Landed Properties,2015,17786
45-49 Years,Landed Properties,2014,18434
45-49 Years,Landed Properties,2013,19013
45-49 Years,Landed Properties,2012,19460
45-49 Years,Landed Properties,2011,19973
45-49 Years,Landed Properties,2010,20672
45-49 Years,Landed Properties,2009,21152
45-49 Years,Landed Properties,2008,21433
45-49 Years,Landed Properties,2007,21797
45-49 Years,Landed Properties,2006,22206
45-49 Years,Landed Properties,2005,22503
45-49 Years,Landed Properties,2004,22755
45-49 Years,Landed Properties,2003,22673
45-49 Years,Landed Properties,2002,23081
45-49 Years,Landed Properties,2001,22764
45-49 Years,Landed Properties,2000,22423
45-49 Years,Other Types Of Dwelling,2025,1746
45-49 Years,Other Types Of Dwelling,2024,1759
45-49 Years,Other Types Of Dwelling,2023,1855
45-49 Years,Other Types Of Dwelling,2022,1912
45-49 Years,Other Types Of Dwelling,2021,1837
45-49 Years,Other Types Of Dwelling,2020,1896
45-49 Years,Other Types Of Dwelling,2019,1876
45-49 Years,Other Types Of Dwelling,2018,1908
45-49 Years,Other Types Of Dwelling,2017,2050
45-49 Years,Other Types Of Dwelling,2016,2213
45-49 Years,Other Types Of Dwelling,2015,2236
45-49 Years,Other Types Of Dwelling,2014,2390
45-49 Years,Other Types Of Dwelling,2013,2696
45-49 Years,Other Types Of Dwelling,2012,2789
45-49 Years,Other Types Of Dwelling,2011,2713
45-49 Years,Other Types Of Dwelling,2010,2801
45-49 Years,Other Types Of Dwelling,2009,2864
45-49 Years,Other Types Of Dwelling,2008,2757
45-49 Years,Other Types Of Dwelling,2007,2459
45-49 Years,Other Types Of Dwelling,2006,2361
45-49 Years,Other Types Of Dwelling,2005,2404
45-49 Years,Other Types Of Dwelling,2004,2401
45-49 Years,Other Types Of Dwelling,2003,2523
45-49 Years,Other Types Of Dwelling,2002,2609
45-49 Years,Other Types Of Dwelling,2001,2647
45-49 Years,Other Types Of Dwelling,2000,2770
50-54 Years,HDB 1- And 2-Room Flats,2025,12485
50-54 Years,HDB 1- And 2-Room Flats,2024,12329
50-54 Years,HDB 1- And 2-Room Flats,2023,12111
50-54 Years,HDB 1- And 2-Room Flats,2022,11805
50-54 Years,HDB 1- And 2-Room Flats,2021,11974
50-54 Years,HDB 1- And 2-Room Flats,2020,12518
50-54 Years,HDB 1- And 2-Room Flats,2019,12871
50-54 Years,HDB 1- And 2-Room Flats,2018,12968
50-54 Years,HDB 1- And 2-Room Flats,2017,12993
50-54 Years,HDB 1- And 2-Room Flats,2016,13097
50-54 Years,HDB 1- And 2-Room Flats,2015,12896
50-54 Years,HDB 1- And 2-Room Flats,2014,12585
50-54 Years,HDB 1- And 2-Room Flats,2013,12176
50-54 Years,HDB 1- And 2-Room Flats,2012,11526
50-54 Years,HDB 1- And 2-Room Flats,2011,10941
50-54 Years,HDB 1- And 2-Room Flats,2010,10150
50-54 Years,HDB 1- And 2-Room Flats,2009,9646
50-54 Years,HDB 1- And 2-Room Flats,2008,9348
50-54 Years,HDB 1- And 2-Room Flats,2007,8884
50-54 Years,HDB 1- And 2-Room Flats,2006,8407
50-54 Years,HDB 1- And 2-Room Flats,2005,7973
50-54 Years,HDB 1- And 2-Room Flats,2004,7809
50-54 Years,HDB 1- And 2-Room Flats,2003,7515
50-54 Years,HDB 1- And 2-Room Flats,2002,7782
50-54 Years,HDB 1- And 2-Room Flats,2001,7924
50-54 Years,HDB 1- And 2-Room Flats,2000,7969
50-54 Years,HDB 3-Room Flats,2025,42301
50-54 Years,HDB 3-Room Flats,2024,42872
50-54 Years,HDB 3-Room Flats,2023,42941
50-54 Years,HDB 3-Room Flats,2022,42185
50-54 Years,HDB 3-Room Flats,2021,41880
50-54 Years,HDB 3-Room Flats,2020,44482
50-54 Years,HDB 3-Room Flats,2019,46407
50-54 Years,HDB 3-Room Flats,2018,48531
50-54 Years,HDB 3-Room Flats,2017,50108
50-54 Years,HDB 3-Room Flats,2016,51622
50-54 Years,HDB 3-Room Flats,2015,52255
50-54 Years,HDB 3-Room Flats,2014,53116
50-54 Years,HDB 3-Room Flats,2013,53225
50-54 Years,HDB 3-Room Flats,2012,53671
50-54 Years,HDB 3-Room Flats,2011,54483
50-54 Years,HDB 3-Room Flats,2010,54106
50-54 Years,HDB 3-Room Flats,2009,53502
50-54 Years,HDB 3-Room Flats,2008,52792
50-54 Years,HDB 3-Room Flats,2007,51752
50-54 Years,HDB 3-Room Flats,2006,50559
50-54 Years,HDB 3-Room Flats,2005,49504
50-54 Years,HDB 3-Room Flats,2004,49658
50-54 Years,HDB 3-Room Flats,2003,49720
50-54 Years,HDB 3-Room Flats,2002,51314
50-54 Years,HDB 3-Room Flats,2001,53262
50-54 Years,HDB 3-Room Flats,2000,52523
50-54 Years,HDB 4-Room Flats,2025,90041
50-54 Years,HDB 4-Room Flats,2024,89885
50-54 Years,HDB 4-Room Flats,2023,89317
50-54 Years,HDB 4-Room Flats,2022,87481
50-54 Years,HDB 4-Room Flats,2021,86606
50-54 Years,HDB 4-Room Flats,2020,91226
50-54 Years,HDB 4-Room Flats,2019,94498
50-54 Years,HDB 4-Room Flats,2018,98342
50-54 Years,HDB 4-Room Flats,2017,101111
50-54 Years,HDB 4-Room Flats,2016,103107
50-54 Years,HDB 4-Room Flats,2015,103721
50-54 Years,HDB 4-Room Flats,2014,104422
50-54 Years,HDB 4-Room Flats,2013,103995
50-54 Years,HDB 4-Room Flats,2012,103494
50-54 Years,HDB 4-Room Flats,2011,103143
50-54 Years,HDB 4-Room Flats,2010,101970
50-54 Years,HDB 4-Room Flats,2009,100477
50-54 Years,HDB 4-Room Flats,2008,98129
50-54 Years,HDB 4-Room Flats,2007,94850
50-54 Years,HDB 4-Room Flats,2006,90692
50-54 Years,HDB 4-Room Flats,2005,86207
50-54 Years,HDB 4-Room Flats,2004,82293
50-54 Years,HDB 4-Room Flats,2003,78090
50-54 Years,HDB 4-Room Flats,2002,75304
50-54 Years,HDB 4-Room Flats,2001,71274
50-54 Years,HDB 4-Room Flats,2000,64362
50-54 Years,HDB 5-Room And Executive Flats,2025,78026
50-54 Years,HDB 5-Room And Executive Flats,2024,78956
50-54 Years,HDB 5-Room And Executive Flats,2023,78845
50-54 Years,HDB 5-Room And Executive Flats,2022,77027
50-54 Years,HDB 5-Room And Executive Flats,2021,76116
50-54 Years,HDB 5-Room And Executive Flats,2020,79059
50-54 Years,HDB 5-Room And Executive Flats,2019,80855
50-54 Years,HDB 5-Room And Executive Flats,2018,83144
50-54 Years,HDB 5-Room And Executive Flats,2017,84566
50-54 Years,HDB 5-Room And Executive Flats,2016,85688
50-54 Years,HDB 5-Room And Executive Flats,2015,86096
50-54 Years,HDB 5-Room And Executive Flats,2014,86470
50-54 Years,HDB 5-Room And Executive Flats,2013,86208
50-54 Years,HDB 5-Room And Executive Flats,2012,85709
50-54 Years,HDB 5-Room And Executive Flats,2011,84560
50-54 Years,HDB 5-Room And Executive Flats,2010,82686
50-54 Years,HDB 5-Room And Executive Flats,2009,80480
50-54 Years,HDB 5-Room And Executive Flats,2008,77201
50-54 Years,HDB 5-Room And Executive Flats,2007,73092
50-54 Years,HDB 5-Room And Executive Flats,2006,69038
50-54 Years,HDB 5-Room And Executive Flats,2005,64839
50-54 Years,HDB 5-Room And Executive Flats,2004,61251
50-54 Years,HDB 5-Room And Executive Flats,2003,57114
50-54 Years,HDB 5-Room And Executive Flats,2002,54122
50-54 Years,HDB 5-Room And Executive Flats,2001,50460
50-54 Years,HDB 5-Room And Executive Flats,2000,44115
50-54 Years,Condominiums & Other Apartments,2025,65796
50-54 Years,Condominiums & Other Apartments,2024,62780
50-54 Years,Condominiums & Other Apartments,2023,58889
50-54 Years,Condominiums & Other Apartments,2022,54825
50-54 Years,Condominiums & Other Apartments,2021,50636
50-54 Years,Condominiums & Other Apartments,2020,49225
50-54 Years,Condominiums & Other Apartments,2019,47021
50-54 Years,Condominiums & Other Apartments,2018,45106
50-54 Years,Condominiums & Other Apartments,2017,42581
50-54 Years,Condominiums & Other Apartments,2016,39624
50-54 Years,Condominiums & Other Apartments,2015,37050
50-54 Years,Condominiums & Other Apartments,2014,35013
50-54 Years,Condominiums & Other Apartments,2013,32837
50-54 Years,Condominiums & Other Apartments,2012,31231
50-54 Years,Condominiums & Other Apartments,2011,29979
50-54 Years,Condominiums & Other Apartments,2010,28639
50-54 Years,Condominiums & Other Apartments,2009,27296
50-54 Years,Condominiums & Other Apartments,2008,26088
50-54 Years,Condominiums & Other Apartments,2007,25300
50-54 Years,Condominiums & Other Apartments,2006,23631
50-54 Years,Condominiums & Other Apartments,2005,21418
50-54 Years,Condominiums & Other Apartments,2004,19409
50-54 Years,Condominiums & Other Apartments,2003,17367
50-54 Years,Condominiums & Other Apartments,2002,17088
50-54 Years,Condominiums & Other Apartments,2001,15460
50-54 Years,Condominiums & Other Apartments,2000,13333
50-54 Years,Landed Properties,2025,18360
50-54 Years,Landed Properties,2024,18594
50-54 Years,Landed Properties,2023,18388
50-54 Years,Landed Properties,2022,17723
50-54 Years,Landed Properties,2021,16885
50-54 Years,Landed Properties,2020,17624
50-54 Years,Landed Properties,2019,17997
50-54 Years,Landed Properties,2018,18653
50-54 Years,Landed Properties,2017,19132
50-54 Years,Landed Properties,2016,19754
50-54 Years,Landed Properties,2015,20210
50-54 Years,Landed Properties,2014,20888
50-54 Years,Landed Properties,2013,21145
50-54 Years,Landed Properties,2012,21251
50-54 Years,Landed Properties,2011,21586
50-54 Years,Landed Properties,2010,21911
50-54 Years,Landed Properties,2009,22358
50-54 Years,Landed Properties,2008,22098
50-54 Years,Landed Properties,2007,21845
50-54 Years,Landed Properties,2006,21323
50-54 Years,Landed Properties,2005,20941
50-54 Years,Landed Properties,2004,20467
50-54 Years,Landed Properties,2003,20066
50-54 Years,Landed Properties,2002,20896
50-54 Years,Landed Properties,2001,21029
50-54 Years,Landed Properties,2000,19781
50-54 Years,Other Types Of Dwelling,2025,1969
50-54 Years,Other Types Of Dwelling,2024,1916
50-54 Years,Other Types Of Dwelling,2023,1876
50-54 Years,Other Types Of Dwelling,2022,1938
50-54 Years,Other Types Of Dwelling,2021,1865
50-54 Years,Other Types Of Dwelling,2020,1934
50-54 Years,Other Types Of Dwelling,2019,2033
50-54 Years,Other Types Of Dwelling,2018,2221
50-54 Years,Other Types Of Dwelling,2017,2323
50-54 Years,Other Types Of Dwelling,2016,2491
50-54 Years,Other Types Of Dwelling,2015,2630
50-54 Years,Other Types Of Dwelling,2014,2712
50-54 Years,Other Types Of Dwelling,2013,2747
50-54 Years,Other Types Of Dwelling,2012,2655
50-54 Years,Other Types Of Dwelling,2011,2586
50-54 Years,Other Types Of Dwelling,2010,2553
50-54 Years,Other Types Of Dwelling,2009,2590
50-54 Years,Other Types Of Dwelling,2008,2503
50-54 Years,Other Types Of Dwelling,2007,2402
50-54 Years,Other Types Of Dwelling,2006,2268
50-54 Years,Other Types Of Dwelling,2005,2251
50-54 Years,Other Types Of Dwelling,2004,2139
50-54 Years,Other Types Of Dwelling,2003,2110
50-54 Years,Other Types Of Dwelling,2002,2301
50-54 Years,Other Types Of Dwelling,2001,2464
50-54 Years,Other Types Of Dwelling,2000,2523
55-59 Years,HDB 1- And 2-Room Flats,2025,14575
55-59 Years,HDB 1- And 2-Room Flats,2024,15058
55-59 Years,HDB 1- And 2-Room Flats,2023,15285
55-59 Years,HDB 1- And 2-Room Flats,2022,15060
55-59 Years,HDB 1- And 2-Room Flats,2021,15077
55-59 Years,HDB 1- And 2-Room Flats,2020,15257
55-59 Years,HDB 1- And 2-Room Flats,2019,15275
55-59 Years,HDB 1- And 2-Room Flats,2018,15200
55-59 Years,HDB 1- And 2-Room Flats,2017,14965
55-59 Years,HDB 1- And 2-Room Flats,2016,14734
55-59 Years,HDB 1- And 2-Room Flats,2015,14367
55-59 Years,HDB 1- And 2-Room Flats,2014,13183
55-59 Years,HDB 1- And 2-Room Flats,2013,12233
55-59 Years,HDB 1- And 2-Room Flats,2012,11230
55-59 Years,HDB 1- And 2-Room Flats,2011,10389
55-59 Years,HDB 1- And 2-Room Flats,2010,9518
55-59 Years,HDB 1- And 2-Room Flats,2009,9197
55-59 Years,HDB 1- And 2-Room Flats,2008,8774
55-59 Years,HDB 1- And 2-Room Flats,2007,8616
55-59 Years,HDB 1- And 2-Room Flats,2006,8476
55-59 Years,HDB 1- And 2-Room Flats,2005,7890
55-59 Years,HDB 1- And 2-Room Flats,2004,7047
55-59 Years,HDB 1- And 2-Room Flats,2003,6548
55-59 Years,HDB 1- And 2-Room Flats,2002,6358
55-59 Years,HDB 1- And 2-Room Flats,2001,5860
55-59 Years,HDB 1- And 2-Room Flats,2000,6378
55-59 Years,HDB 3-Room Flats,2025,43712
55-59 Years,HDB 3-Room Flats,2024,45304
55-59 Years,HDB 3-Room Flats,2023,47271
55-59 Years,HDB 3-Room Flats,2022,47880
55-59 Years,HDB 3-Room Flats,2021,48178
55-59 Years,HDB 3-Room Flats,2020,49802
55-59 Years,HDB 3-Room Flats,2019,50296
55-59 Years,HDB 3-Room Flats,2018,50323
55-59 Years,HDB 3-Room Flats,2017,50563
55-59 Years,HDB 3-Room Flats,2016,51321
55-59 Years,HDB 3-Room Flats,2015,51412
55-59 Years,HDB 3-Room Flats,2014,50994
55-59 Years,HDB 3-Room Flats,2013,50882
55-59 Years,HDB 3-Room Flats,2012,50649
55-59 Years,HDB 3-Room Flats,2011,49841
55-59 Years,HDB 3-Room Flats,2010,48529
55-59 Years,HDB 3-Room Flats,2009,47883
55-59 Years,HDB 3-Room Flats,2008,46796
55-59 Years,HDB 3-Room Flats,2007,46201
55-59 Years,HDB 3-Room Flats,2006,46500
55-59 Years,HDB 3-Room Flats,2005,44517
55-59 Years,HDB 3-Room Flats,2004,41373
55-59 Years,HDB 3-Room Flats,2003,39383
55-59 Years,HDB 3-Room Flats,2002,36750
55-59 Years,HDB 3-Room Flats,2001,33861
55-59 Years,HDB 3-Room Flats,2000,35988
55-59 Years,HDB 4-Room Flats,2025,88802
55-59 Years,HDB 4-Room Flats,2024,91735
55-59 Years,HDB 4-Room Flats,2023,95013
55-59 Years,HDB 4-Room Flats,2022,96053
55-59 Years,HDB 4-Room Flats,2021,96514
55-59 Years,HDB 4-Room Flats,2020,99327
55-59 Years,HDB 4-Room Flats,2019,100231
55-59 Years,HDB 4-Room Flats,2018,99937
55-59 Years,HDB 4-Room Flats,2017,99553
55-59 Years,HDB 4-Room Flats,2016,99454
55-59 Years,HDB 4-Room Flats,2015,98349
55-59 Years,HDB 4-Room Flats,2014,96988
55-59 Years,HDB 4-Room Flats,2013,95096
55-59 Years,HDB 4-Room Flats,2012,92384
55-59 Years,HDB 4-Room Flats,2011,88288
55-59 Years,HDB 4-Room Flats,2010,84079
55-59 Years,HDB 4-Room Flats,2009,80518
55-59 Years,HDB 4-Room Flats,2008,76668
55-59 Years,HDB 4-Room Flats,2007,72804
55-59 Years,HDB 4-Room Flats,2006,70030
55-59 Years,HDB 4-Room Flats,2005,64067
55-59 Years,HDB 4-Room Flats,2004,56077
55-59 Years,HDB 4-Room Flats,2003,50164
55-59 Years,HDB 4-Room Flats,2002,44792
55-59 Years,HDB 4-Room Flats,2001,38419
55-59 Years,HDB 4-Room Flats,2000,37587
55-59 Years,HDB 5-Room And Executive Flats,2025,75471
55-59 Years,HDB 5-Room And Executive Flats,2024,76905
55-59 Years,HDB 5-Room And Executive Flats,2023,78931
55-59 Years,HDB 5-Room And Executive Flats,2022,79026
55-59 Years,HDB 5-Room And Executive Flats,2021,78946
55-59 Years,HDB 5-Room And Executive Flats,2020,80902
55-59 Years,HDB 5-Room And Executive Flats,2019,81689
55-59 Years,HDB 5-Room And Executive Flats,2018,81357
55-59 Years,HDB 5-Room And Executive Flats,2017,80957
55-59 Years,HDB 5-Room And Executive Flats,2016,80158
55-59 Years,HDB 5-Room And Executive Flats,2015,78799
55-59 Years,HDB 5-Room And Executive Flats,2014,76605
55-59 Years,HDB 5-Room And Executive Flats,2013,73820
55-59 Years,HDB 5-Room And Executive Flats,2012,70470
55-59 Years,HDB 5-Room And Executive Flats,2011,67000
55-59 Years,HDB 5-Room And Executive Flats,2010,63245
55-59 Years,HDB 5-Room And Executive Flats,2009,60437
55-59 Years,HDB 5-Room And Executive Flats,2008,57023
55-59 Years,HDB 5-Room And Executive Flats,2007,53661
55-59 Years,HDB 5-Room And Executive Flats,2006,50734
55-59 Years,HDB 5-Room And Executive Flats,2005,45637
55-59 Years,HDB 5-Room And Executive Flats,2004,39057
55-59 Years,HDB 5-Room And Executive Flats,2003,34079
55-59 Years,HDB 5-Room And Executive Flats,2002,29517
55-59 Years,HDB 5-Room And Executive Flats,2001,24957
55-59 Years,HDB 5-Room And Executive Flats,2000,23738
55-59 Years,Condominiums & Other Apartments,2025,48255
55-59 Years,Condominiums & Other Apartments,2024,45839
55-59 Years,Condominiums & Other Apartments,2023,44154
55-59 Years,Condominiums & Other Apartments,2022,41675
55-59 Years,Condominiums & Other Apartments,2021,38997
55-59 Years,Condominiums & Other Apartments,2020,38676
55-59 Years,Condominiums & Other Apartments,2019,37022
55-59 Years,Condominiums & Other Apartments,2018,35127
55-59 Years,Condominiums & Other Apartments,2017,32900
55-59 Years,Condominiums & Other Apartments,2016,30517
55-59 Years,Condominiums & Other Apartments,2015,28583
55-59 Years,Condominiums & Other Apartments,2014,26805
55-59 Years,Condominiums & Other Apartments,2013,25123
55-59 Years,Condominiums & Other Apartments,2012,23473
55-59 Years,Condominiums & Other Apartments,2011,22215
55-59 Years,Condominiums & Other Apartments,2010,20489
55-59 Years,Condominiums & Other Apartments,2009,19199
55-59 Years,Condominiums & Other Apartments,2008,17846
55-59 Years,Condominiums & Other Apartments,2007,17511
55-59 Years,Condominiums & Other Apartments,2006,16692
55-59 Years,Condominiums & Other Apartments,2005,14708
55-59 Years,Condominiums & Other Apartments,2004,12572
55-59 Years,Condominiums & Other Apartments,2003,10571
55-59 Years,Condominiums & Other Apartments,2002,9379
55-59 Years,Condominiums & Other Apartments,2001,7533
55-59 Years,Condominiums & Other Apartments,2000,6746
55-59 Years,Landed Properties,2025,16896
55-59 Years,Landed Properties,2024,17280
55-59 Years,Landed Properties,2023,17761
55-59 Years,Landed Properties,2022,17872
55-59 Years,Landed Properties,2021,18246
55-59 Years,Landed Properties,2020,19388
55-59 Years,Landed Properties,2019,19719
55-59 Years,Landed Properties,2018,19936
55-59 Years,Landed Properties,2017,20222
55-59 Years,Landed Properties,2016,20642
55-59 Years,Landed Properties,2015,20815
55-59 Years,Landed Properties,2014,20967
55-59 Years,Landed Properties,2013,20669
55-59 Years,Landed Properties,2012,20350
55-59 Years,Landed Properties,2011,19760
55-59 Years,Landed Properties,2010,19608
55-59 Years,Landed Properties,2009,19487
55-59 Years,Landed Properties,2008,19062
55-59 Years,Landed Properties,2007,18968
55-59 Years,Landed Properties,2006,18955
55-59 Years,Landed Properties,2005,17863
55-59 Years,Landed Properties,2004,15882
55-59 Years,Landed Properties,2003,14449
55-59 Years,Landed Properties,2002,13587
55-59 Years,Landed Properties,2001,11997
55-59 Years,Landed Properties,2000,11595
55-59 Years,Other Types Of Dwelling,2025,2072
55-59 Years,Other Types Of Dwelling,2024,2107
55-59 Years,Other Types Of Dwelling,2023,2253
55-59 Years,Other Types Of Dwelling,2022,2269
55-59 Years,Other Types Of Dwelling,2021,2268
55-59 Years,Other Types Of Dwelling,2020,2478
55-59 Years,Other Types Of Dwelling,2019,2527
55-59 Years,Other Types Of Dwelling,2018,2510
55-59 Years,Other Types Of Dwelling,2017,2518
55-59 Years,Other Types Of Dwelling,2016,2539
55-59 Years,Other Types Of Dwelling,2015,2502
55-59 Years,Other Types Of Dwelling,2014,2533
55-59 Years,Other Types Of Dwelling,2013,2574
55-59 Years,Other Types Of Dwelling,2012,2506
55-59 Years,Other Types Of Dwelling,2011,2445
55-59 Years,Other Types Of Dwelling,2010,2393
55-59 Years,Other Types Of Dwelling,2009,2343
55-59 Years,Other Types Of Dwelling,2008,2305
55-59 Years,Other Types Of Dwelling,2007,2128
55-59 Years,Other Types Of Dwelling,2006,2121
55-59 Years,Other Types Of Dwelling,2005,2072
55-59 Years,Other Types Of Dwelling,2004,1839
55-59 Years,Other Types Of Dwelling,2003,1751
55-59 Years,Other Types Of Dwelling,2002,1788
55-59 Years,Other Types Of Dwelling,2001,1766
55-59 Years,Other Types Of Dwelling,2000,1972
60-64 Years,HDB 1- And 2-Room Flats,2025,18750
60-64 Years,HDB 1- And 2-Room Flats,2024,18729
60-64 Years,HDB 1- And 2-Room Flats,2023,18277
60-64 Years,HDB 1- And 2-Room Flats,2022,17702
60-64 Years,HDB 1- And 2-Room Flats,2021,17641
60-64 Years,HDB 1- And 2-Room Flats,2020,17485
60-64 Years,HDB 1- And 2-Room Flats,2019,16892
60-64 Years,HDB 1- And 2-Room Flats,2018,16467
60-64 Years,HDB 1- And 2-Room Flats,2017,15605
60-64 Years,HDB 1- And 2-Room Flats,2016,14682
60-64 Years,HDB 1- And 2-Room Flats,2015,13579
60-64 Years,HDB 1- And 2-Room Flats,2014,12274
60-64 Years,HDB 1- And 2-Room Flats,2013,11258
60-64 Years,HDB 1- And 2-Room Flats,2012,10566
60-64 Years,HDB 1- And 2-Room Flats,2011,10132
60-64 Years,HDB 1- And 2-Room Flats,2010,9167
60-64 Years,HDB 1- And 2-Room Flats,2009,8197
60-64 Years,HDB 1- And 2-Room Flats,2008,7654
60-64 Years,HDB 1- And 2-Room Flats,2007,6974
60-64 Years,HDB 1- And 2-Room Flats,2006,6319
60-64 Years,HDB 1- And 2-Room Flats,2005,6356
60-64 Years,HDB 1- And 2-Room Flats,2004,7055
60-64 Years,HDB 1- And 2-Room Flats,2003,7130
60-64 Years,HDB 1- And 2-Room Flats,2002,7806
60-64 Years,HDB 1- And 2-Room Flats,2001,7226
60-64 Years,HDB 1- And 2-Room Flats,2000,7009
60-64 Years,HDB 3-Room Flats,2025,48431
60-64 Years,HDB 3-Room Flats,2024,48641
60-64 Years,HDB 3-Room Flats,2023,48526
60-64 Years,HDB 3-Room Flats,2022,47910
60-64 Years,HDB 3-Room Flats,2021,47317
60-64 Years,HDB 3-Room Flats,2020,48240
60-64 Years,HDB 3-Room Flats,2019,47658
60-64 Years,HDB 3-Room Flats,2018,47399
60-64 Years,HDB 3-Room Flats,2017,46618
60-64 Years,HDB 3-Room Flats,2016,45833
60-64 Years,HDB 3-Room Flats,2015,44863
60-64 Years,HDB 3-Room Flats,2014,44528
60-64 Years,HDB 3-Room Flats,2013,44102
60-64 Years,HDB 3-Room Flats,2012,44142
60-64 Years,HDB 3-Room Flats,2011,44639
60-64 Years,HDB 3-Room Flats,2010,42593
60-64 Years,HDB 3-Room Flats,2009,38688
60-64 Years,HDB 3-Room Flats,2008,35815
60-64 Years,HDB 3-Room Flats,2007,32454
60-64 Years,HDB 3-Room Flats,2006,28904
60-64 Years,HDB 3-Room Flats,2005,29945
60-64 Years,HDB 3-Room Flats,2004,32786
60-64 Years,HDB 3-Room Flats,2003,34196
60-64 Years,HDB 3-Room Flats,2002,35355
60-64 Years,HDB 3-Room Flats,2001,35449
60-64 Years,HDB 3-Room Flats,2000,34090
60-64 Years,HDB 4-Room Flats,2025,95692
60-64 Years,HDB 4-Room Flats,2024,96072
60-64 Years,HDB 4-Room Flats,2023,95725
60-64 Years,HDB 4-Room Flats,2022,94390
60-64 Years,HDB 4-Room Flats,2021,93004
60-64 Years,HDB 4-Room Flats,2020,93468
60-64 Years,HDB 4-Room Flats,2019,92300
60-64 Years,HDB 4-Room Flats,2018,89921
60-64 Years,HDB 4-Room Flats,2017,87650
60-64 Years,HDB 4-Room Flats,2016,83959
60-64 Years,HDB 4-Room Flats,2015,80212
60-64 Years,HDB 4-Room Flats,2014,76872
60-64 Years,HDB 4-Room Flats,2013,73357
60-64 Years,HDB 4-Room Flats,2012,69882
60-64 Years,HDB 4-Room Flats,2011,67344
60-64 Years,HDB 4-Room Flats,2010,61611
60-64 Years,HDB 4-Room Flats,2009,53890
60-64 Years,HDB 4-Room Flats,2008,48430
60-64 Years,HDB 4-Room Flats,2007,42444
60-64 Years,HDB 4-Room Flats,2006,36845
60-64 Years,HDB 4-Room Flats,2005,36625
60-64 Years,HDB 4-Room Flats,2004,38221
60-64 Years,HDB 4-Room Flats,2003,37540
60-64 Years,HDB 4-Room Flats,2002,37221
60-64 Years,HDB 4-Room Flats,2001,34875
60-64 Years,HDB 4-Room Flats,2000,31818
60-64 Years,HDB 5-Room And Executive Flats,2025,76092
60-64 Years,HDB 5-Room And Executive Flats,2024,76823
60-64 Years,HDB 5-Room And Executive Flats,2023,76632
60-64 Years,HDB 5-Room And Executive Flats,2022,75521
60-64 Years,HDB 5-Room And Executive Flats,2021,73900
60-64 Years,HDB 5-Room And Executive Flats,2020,74235
60-64 Years,HDB 5-Room And Executive Flats,2019,72226
60-64 Years,HDB 5-Room And Executive Flats,2018,69434
60-64 Years,HDB 5-Room And Executive Flats,2017,66350
60-64 Years,HDB 5-Room And Executive Flats,2016,63316
60-64 Years,HDB 5-Room And Executive Flats,2015,59993
60-64 Years,HDB 5-Room And Executive Flats,2014,57488
60-64 Years,HDB 5-Room And Executive Flats,2013,54558
60-64 Years,HDB 5-Room And Executive Flats,2012,51764
60-64 Years,HDB 5-Room And Executive Flats,2011,49153
60-64 Years,HDB 5-Room And Executive Flats,2010,44515
60-64 Years,HDB 5-Room And Executive Flats,2009,38648
60-64 Years,HDB 5-Room And Executive Flats,2008,34162
60-64 Years,HDB 5-Room And Executive Flats,2007,29349
60-64 Years,HDB 5-Room And Executive Flats,2006,25180
60-64 Years,HDB 5-Room And Executive Flats,2005,24555
60-64 Years,HDB 5-Room And Executive Flats,2004,24662
60-64 Years,HDB 5-Room And Executive Flats,2003,23615
60-64 Years,HDB 5-Room And Executive Flats,2002,23029
60-64 Years,HDB 5-Room And Executive Flats,2001,21572
60-64 Years,HDB 5-Room And Executive Flats,2000,19406
60-64 Years,Condominiums & Other Apartments,2025,37308
60-64 Years,Condominiums & Other Apartments,2024,35523
60-64 Years,Condominiums & Other Apartments,2023,33460
60-64 Years,Condominiums & Other Apartments,2022,31256
60-64 Years,Condominiums & Other Apartments,2021,29291
60-64 Years,Condominiums & Other Apartments,2020,28871
60-64 Years,Condominiums & Other Apartments,2019,27444
60-64 Years,Condominiums & Other Apartments,2018,26336
60-64 Years,Condominiums & Other Apartments,2017,24474
60-64 Years,Condominiums & Other Apartments,2016,22506
60-64 Years,Condominiums & Other Apartments,2015,20786
60-64 Years,Condominiums & Other Apartments,2014,19388
60-64 Years,Condominiums & Other Apartments,2013,17974
60-64 Years,Condominiums & Other Apartments,2012,17016
60-64 Years,Condominiums & Other Apartments,2011,16208
60-64 Years,Condominiums & Other Apartments,2010,14547
60-64 Years,Condominiums & Other Apartments,2009,12699
60-64 Years,Condominiums & Other Apartments,2008,11082
60-64 Years,Condominiums & Other Apartments,2007,9887
60-64 Years,Condominiums & Other Apartments,2006,8353
60-64 Years,Condominiums & Other Apartments,2005,7610
60-64 Years,Condominiums & Other Apartments,2004,7237
60-64 Years,Condominiums & Other Apartments,2003,6635
60-64 Years,Condominiums & Other Apartments,2002,6570
60-64 Years,Condominiums & Other Apartments,2001,5980
60-64 Years,Condominiums & Other Apartments,2000,5228
60-64 Years,Landed Properties,2025,17701
60-64 Years,Landed Properties,2024,18184
60-64 Years,Landed Properties,2023,18546
60-64 Years,Landed Properties,2022,18577
60-64 Years,Landed Properties,2021,18722
60-64 Years,Landed Properties,2020,19573
60-64 Years,Landed Properties,2019,19623
60-64 Years,Landed Properties,2018,19466
60-64 Years,Landed Properties,2017,19315
60-64 Years,Landed Properties,2016,18733
60-64 Years,Landed Properties,2015,18313
60-64 Years,Landed Properties,2014,18130
60-64 Years,Landed Properties,2013,17841
60-64 Years,Landed Properties,2012,17580
60-64 Years,Landed Properties,2011,17556
60-64 Years,Landed Properties,2010,16502
60-64 Years,Landed Properties,2009,14817
60-64 Years,Landed Properties,2008,13488
60-64 Years,Landed Properties,2007,12165
60-64 Years,Landed Properties,2006,10658
60-64 Years,Landed Properties,2005,10407
60-64 Years,Landed Properties,2004,10716
60-64 Years,Landed Properties,2003,10499
60-64 Years,Landed Properties,2002,10968
60-64 Years,Landed Properties,2001,10775
60-64 Years,Landed Properties,2000,10400
60-64 Years,Other Types Of Dwelling,2025,2701
60-64 Years,Other Types Of Dwelling,2024,2671
60-64 Years,Other Types Of Dwelling,2023,2622
60-64 Years,Other Types Of Dwelling,2022,2651
60-64 Years,Other Types Of Dwelling,2021,2737
60-64 Years,Other Types Of Dwelling,2020,2754
60-64 Years,Other Types Of Dwelling,2019,2685
60-64 Years,Other Types Of Dwelling,2018,2665
60-64 Years,Other Types Of Dwelling,2017,2639
60-64 Years,Other Types Of Dwelling,2016,2592
60-64 Years,Other Types Of Dwelling,2015,2515
60-64 Years,Other Types Of Dwelling,2014,2505
60-64 Years,Other Types Of Dwelling,2013,2501
60-64 Years,Other Types Of Dwelling,2012,2352
60-64 Years,Other Types Of Dwelling,2011,2447
60-64 Years,Other Types Of Dwelling,2010,2299
60-64 Years,Other Types Of Dwelling,2009,2080
60-64 Years,Other Types Of Dwelling,2008,1893
60-64 Years,Other Types Of Dwelling,2007,1585
60-64 Years,Other Types Of Dwelling,2006,1435
60-64 Years,Other Types Of Dwelling,2005,1564
60-64 Years,Other Types Of Dwelling,2004,1580
60-64 Years,Other Types Of Dwelling,2003,1610
60-64 Years,Other Types Of Dwelling,2002,1824
60-64 Years,Other Types Of Dwelling,2001,1877
60-64 Years,Other Types Of Dwelling,2000,1838
65-69 Years,HDB 1- And 2-Room Flats,2025,21149
65-69 Years,HDB 1- And 2-Room Flats,2024,20278
65-69 Years,HDB 1- And 2-Room Flats,2023,19402
65-69 Years,HDB 1- And 2-Room Flats,2022,18188
65-69 Years,HDB 1- And 2-Room Flats,2021,17236
65-69 Years,HDB 1- And 2-Room Flats,2020,16448
65-69 Years,HDB 1- And 2-Room Flats,2019,15680
65-69 Years,HDB 1- And 2-Room Flats,2018,14855
65-69 Years,HDB 1- And 2-Room Flats,2017,13963
65-69 Years,HDB 1- And 2-Room Flats,2016,13182
65-69 Years,HDB 1- And 2-Room Flats,2015,12029
65-69 Years,HDB 1- And 2-Room Flats,2014,9991
65-69 Years,HDB 1- And 2-Room Flats,2013,8922
65-69 Years,HDB 1- And 2-Room Flats,2012,7812
65-69 Years,HDB 1- And 2-Room Flats,2011,6866
65-69 Years,HDB 1- And 2-Room Flats,2010,6793
65-69 Years,HDB 1- And 2-Room Flats,2009,7435
65-69 Years,HDB 1- And 2-Room Flats,2008,7585
65-69 Years,HDB 1- And 2-Room Flats,2007,7767
65-69 Years,HDB 1- And 2-Room Flats,2006,7432
65-69 Years,HDB 1- And 2-Room Flats,2005,7045
65-69 Years,HDB 1- And 2-Room Flats,2004,6766
65-69 Years,HDB 1- And 2-Room Flats,2003,6400
65-69 Years,HDB 1- And 2-Room Flats,2002,6668
65-69 Years,HDB 1- And 2-Room Flats,2001,6745
65-69 Years,HDB 1- And 2-Room Flats,2000,7008
65-69 Years,HDB 3-Room Flats,2025,46628
65-69 Years,HDB 3-Room Flats,2024,45899
65-69 Years,HDB 3-Room Flats,2023,45343
65-69 Years,HDB 3-Room Flats,2022,43840
65-69 Years,HDB 3-Room Flats,2021,42212
65-69 Years,HDB 3-Room Flats,2020,41986
65-69 Years,HDB 3-Room Flats,2019,41384
65-69 Years,HDB 3-Room Flats,2018,40493
65-69 Years,HDB 3-Room Flats,2017,40076
65-69 Years,HDB 3-Room Flats,2016,40443
65-69 Years,HDB 3-Room Flats,2015,38220
65-69 Years,HDB 3-Room Flats,2014,34948
65-69 Years,HDB 3-Room Flats,2013,32647
65-69 Years,HDB 3-Room Flats,2012,29976
65-69 Years,HDB 3-Room Flats,2011,26807
65-69 Years,HDB 3-Room Flats,2010,27574
65-69 Years,HDB 3-Room Flats,2009,29542
65-69 Years,HDB 3-Room Flats,2008,29951
65-69 Years,HDB 3-Room Flats,2007,30017
65-69 Years,HDB 3-Room Flats,2006,29188
65-69 Years,HDB 3-Room Flats,2005,27560
65-69 Years,HDB 3-Room Flats,2004,26862
65-69 Years,HDB 3-Room Flats,2003,25623
65-69 Years,HDB 3-Room Flats,2002,25276
65-69 Years,HDB 3-Room Flats,2001,25757
65-69 Years,HDB 3-Room Flats,2000,25515
65-69 Years,HDB 4-Room Flats,2025,87875
65-69 Years,HDB 4-Room Flats,2024,86382
65-69 Years,HDB 4-Room Flats,2023,84296
65-69 Years,HDB 4-Room Flats,2022,81373
65-69 Years,HDB 4-Room Flats,2021,77190
65-69 Years,HDB 4-Room Flats,2020,74732
65-69 Years,HDB 4-Room Flats,2019,71624
65-69 Years,HDB 4-Room Flats,2018,68151
65-69 Years,HDB 4-Room Flats,2017,64843
65-69 Years,HDB 4-Room Flats,2016,62612
65-69 Years,HDB 4-Room Flats,2015,57367
65-69 Years,HDB 4-Room Flats,2014,50428
65-69 Years,HDB 4-Room Flats,2013,45325
65-69 Years,HDB 4-Room Flats,2012,39957
65-69 Years,HDB 4-Room Flats,2011,34502
65-69 Years,HDB 4-Room Flats,2010,34339
65-69 Years,HDB 4-Room Flats,2009,35757
65-69 Years,HDB 4-Room Flats,2008,35082
65-69 Years,HDB 4-Room Flats,2007,34373
65-69 Years,HDB 4-Room Flats,2006,32666
65-69 Years,HDB 4-Room Flats,2005,29889
65-69 Years,HDB 4-Room Flats,2004,28549
65-69 Years,HDB 4-Room Flats,2003,26838
65-69 Years,HDB 4-Room Flats,2002,26830
65-69 Years,HDB 4-Room Flats,2001,26785
65-69 Years,HDB 4-Room Flats,2000,26327
65-69 Years,HDB 5-Room And Executive Flats,2025,68218
65-69 Years,HDB 5-Room And Executive Flats,2024,66483
65-69 Years,HDB 5-Room And Executive Flats,2023,64275
65-69 Years,HDB 5-Room And Executive Flats,2022,60913
65-69 Years,HDB 5-Room And Executive Flats,2021,57610
65-69 Years,HDB 5-Room And Executive Flats,2020,55479
65-69 Years,HDB 5-Room And Executive Flats,2019,53159
65-69 Years,HDB 5-Room And Executive Flats,2018,50405
65-69 Years,HDB 5-Room And Executive Flats,2017,48029
65-69 Years,HDB 5-Room And Executive Flats,2016,45863
65-69 Years,HDB 5-Room And Executive Flats,2015,41764
65-69 Years,HDB 5-Room And Executive Flats,2014,36424
65-69 Years,HDB 5-Room And Executive Flats,2013,32616
65-69 Years,HDB 5-Room And Executive Flats,2012,28147
65-69 Years,HDB 5-Room And Executive Flats,2011,24188
65-69 Years,HDB 5-Room And Executive Flats,2010,23637
65-69 Years,HDB 5-Room And Executive Flats,2009,24050
65-69 Years,HDB 5-Room And Executive Flats,2008,23435
65-69 Years,HDB 5-Room And Executive Flats,2007,22770
65-69 Years,HDB 5-Room And Executive Flats,2006,21397
65-69 Years,HDB 5-Room And Executive Flats,2005,19615
65-69 Years,HDB 5-Room And Executive Flats,2004,18249
65-69 Years,HDB 5-Room And Executive Flats,2003,16623
65-69 Years,HDB 5-Room And Executive Flats,2002,15971
65-69 Years,HDB 5-Room And Executive Flats,2001,15643
65-69 Years,HDB 5-Room And Executive Flats,2000,14961
65-69 Years,Condominiums & Other Apartments,2025,27633
65-69 Years,Condominiums & Other Apartments,2024,26235
65-69 Years,Condominiums & Other Apartments,2023,24974
65-69 Years,Condominiums & Other Apartments,2022,23201
65-69 Years,Condominiums & Other Apartments,2021,21374
65-69 Years,Condominiums & Other Apartments,2020,20783
65-69 Years,Condominiums & Other Apartments,2019,19671
65-69 Years,Condominiums & Other Apartments,2018,18789
65-69 Years,Condominiums & Other Apartments,2017,18007
65-69 Years,Condominiums & Other Apartments,2016,16736
65-69 Years,Condominiums & Other Apartments,2015,15103
65-69 Years,Condominiums & Other Apartments,2014,13213
65-69 Years,Condominiums & Other Apartments,2013,11333
65-69 Years,Condominiums & Other Apartments,2012,9527
65-69 Years,Condominiums & Other Apartments,2011,8089
65-69 Years,Condominiums & Other Apartments,2010,7507
65-69 Years,Condominiums & Other Apartments,2009,7362
65-69 Years,Condominiums & Other Apartments,2008,7268
65-69 Years,Condominiums & Other Apartments,2007,7153
65-69 Years,Condominiums & Other Apartments,2006,6745
65-69 Years,Condominiums & Other Apartments,2005,5969
65-69 Years,Condominiums & Other Apartments,2004,5161
65-69 Years,Condominiums & Other Apartments,2003,4423
65-69 Years,Condominiums & Other Apartments,2002,4396
65-69 Years,Condominiums & Other Apartments,2001,4108
65-69 Years,Condominiums & Other Apartments,2000,3724
65-69 Years,Landed Properties,2025,17575
65-69 Years,Landed Properties,2024,17757
65-69 Years,Landed Properties,2023,17681
65-69 Years,Landed Properties,2022,17359
65-69 Years,Landed Properties,2021,16812
65-69 Years,Landed Properties,2020,17033
65-69 Years,Landed Properties,2019,16892
65-69 Years,Landed Properties,2018,16606
65-69 Years,Landed Properties,2017,16439
65-69 Years,Landed Properties,2016,16342
65-69 Years,Landed Properties,2015,15292
65-69 Years,Landed Properties,2014,13729
65-69 Years,Landed Properties,2013,12513
65-69 Years,Landed Properties,2012,11218
65-69 Years,Landed Properties,2011,9888
65-69 Years,Landed Properties,2010,9526
65-69 Years,Landed Properties,2009,9848
65-69 Years,Landed Properties,2008,9596
65-69 Years,Landed Properties,2007,9627
65-69 Years,Landed Properties,2006,9466
65-69 Years,Landed Properties,2005,9155
65-69 Years,Landed Properties,2004,8727
65-69 Years,Landed Properties,2003,8273
65-69 Years,Landed Properties,2002,8444
65-69 Years,Landed Properties,2001,8445
65-69 Years,Landed Properties,2000,8381
65-69 Years,Other Types Of Dwelling,2025,3341
65-69 Years,Other Types Of Dwelling,2024,3135
65-69 Years,Other Types Of Dwelling,2023,3070
65-69 Years,Other Types Of Dwelling,2022,3056
65-69 Years,Other Types Of Dwelling,2021,2957
65-69 Years,Other Types Of Dwelling,2020,2935
65-69 Years,Other Types Of Dwelling,2019,2886
65-69 Years,Other Types Of Dwelling,2018,2802
65-69 Years,Other Types Of Dwelling,2017,2612
65-69 Years,Other Types Of Dwelling,2016,2609
65-69 Years,Other Types Of Dwelling,2015,2421
65-69 Years,Other Types Of Dwelling,2014,2203
65-69 Years,Other Types Of Dwelling,2013,2043
65-69 Years,Other Types Of Dwelling,2012,1812
65-69 Years,Other Types Of Dwelling,2011,1692
65-69 Years,Other Types Of Dwelling,2010,1739
65-69 Years,Other Types Of Dwelling,2009,1889
65-69 Years,Other Types Of Dwelling,2008,1926
65-69 Years,Other Types Of Dwelling,2007,1629
65-69 Years,Other Types Of Dwelling,2006,1565
65-69 Years,Other Types Of Dwelling,2005,1514
65-69 Years,Other Types Of Dwelling,2004,1376
65-69 Years,Other Types Of Dwelling,2003,1385
65-69 Years,Other Types Of Dwelling,2002,1606
65-69 Years,Other Types Of Dwelling,2001,1793
65-69 Years,Other Types Of Dwelling,2000,1982
70-74 Years,HDB 1- And 2-Room Flats,2025,18638
70-74 Years,HDB 1- And 2-Room Flats,2024,17576
70-74 Years,HDB 1- And 2-Room Flats,2023,16414
70-74 Years,HDB 1- And 2-Room Flats,2022,15171
70-74 Years,HDB 1- And 2-Room Flats,2021,14517
70-74 Years,HDB 1- And 2-Room Flats,2020,13389
70-74 Years,HDB 1- And 2-Room Flats,2019,11608
70-74 Years,HDB 1- And 2-Room Flats,2018,10435
70-74 Years,HDB 1- And 2-Room Flats,2017,9061
70-74 Years,HDB 1- And 2-Room Flats,2016,7774
70-74 Years,HDB 1- And 2-Room Flats,2015,7620
70-74 Years,HDB 1- And 2-Room Flats,2014,7858
70-74 Years,HDB 1- And 2-Room Flats,2013,7819
70-74 Years,HDB 1- And 2-Room Flats,2012,7804
70-74 Years,HDB 1- And 2-Room Flats,2011,7427
70-74 Years,HDB 1- And 2-Room Flats,2010,6923
70-74 Years,HDB 1- And 2-Room Flats,2009,6664
70-74 Years,HDB 1- And 2-Room Flats,2008,6356
70-74 Years,HDB 1- And 2-Room Flats,2007,6330
70-74 Years,HDB 1- And 2-Room Flats,2006,6433
70-74 Years,HDB 1- And 2-Room Flats,2005,6326
70-74 Years,HDB 1- And 2-Room Flats,2004,6126
70-74 Years,HDB 1- And 2-Room Flats,2003,5940
70-74 Years,HDB 1- And 2-Room Flats,2002,6388
70-74 Years,HDB 1- And 2-Room Flats,2001,6250
70-74 Years,HDB 1- And 2-Room Flats,2000,6372
70-74 Years,HDB 3-Room Flats,2025,39340
70-74 Years,HDB 3-Room Flats,2024,38561
70-74 Years,HDB 3-Room Flats,2023,37555
70-74 Years,HDB 3-Room Flats,2022,36551
70-74 Years,HDB 3-Room Flats,2021,36208
70-74 Years,HDB 3-Room Flats,2020,34498
70-74 Years,HDB 3-Room Flats,2019,31302
70-74 Years,HDB 3-Room Flats,2018,29048
70-74 Years,HDB 3-Room Flats,2017,26170
70-74 Years,HDB 3-Room Flats,2016,23169
70-74 Years,HDB 3-Room Flats,2015,23651
70-74 Years,HDB 3-Room Flats,2014,25391
70-74 Years,HDB 3-Room Flats,2013,26005
70-74 Years,HDB 3-Room Flats,2012,26361
70-74 Years,HDB 3-Room Flats,2011,25898
70-74 Years,HDB 3-Room Flats,2010,24311
70-74 Years,HDB 3-Room Flats,2009,22818
70-74 Years,HDB 3-Room Flats,2008,21115
70-74 Years,HDB 3-Room Flats,2007,20407
70-74 Years,HDB 3-Room Flats,2006,20213
70-74 Years,HDB 3-Room Flats,2005,19796
70-74 Years,HDB 3-Room Flats,2004,19058
70-74 Years,HDB 3-Room Flats,2003,18332
70-74 Years,HDB 3-Room Flats,2002,18054
70-74 Years,HDB 3-Room Flats,2001,17823
70-74 Years,HDB 3-Room Flats,2000,17500
70-74 Years,HDB 4-Room Flats,2025,68188
70-74 Years,HDB 4-Room Flats,2024,65184
70-74 Years,HDB 4-Room Flats,2023,62286
70-74 Years,HDB 4-Room Flats,2022,58866
70-74 Years,HDB 4-Room Flats,2021,56309
70-74 Years,HDB 4-Room Flats,2020,52127
70-74 Years,HDB 4-Room Flats,2019,45727
70-74 Years,HDB 4-Room Flats,2018,41009
70-74 Years,HDB 4-Room Flats,2017,36278
70-74 Years,HDB 4-Room Flats,2016,31278
70-74 Years,HDB 4-Room Flats,2015,31086
70-74 Years,HDB 4-Room Flats,2014,32357
70-74 Years,HDB 4-Room Flats,2013,31852
70-74 Years,HDB 4-Room Flats,2012,31289
70-74 Years,HDB 4-Room Flats,2011,29648
70-74 Years,HDB 4-Room Flats,2010,27130
70-74 Years,HDB 4-Room Flats,2009,25617
70-74 Years,HDB 4-Room Flats,2008,23978
70-74 Years,HDB 4-Room Flats,2007,23407
70-74 Years,HDB 4-Room Flats,2006,23593
70-74 Years,HDB 4-Room Flats,2005,23237
70-74 Years,HDB 4-Room Flats,2004,21965
70-74 Years,HDB 4-Room Flats,2003,21177
70-74 Years,HDB 4-Room Flats,2002,20989
70-74 Years,HDB 4-Room Flats,2001,20252
70-74 Years,HDB 4-Room Flats,2000,19361
70-74 Years,HDB 5-Room And Executive Flats,2025,50076
70-74 Years,HDB 5-Room And Executive Flats,2024,47977
70-74 Years,HDB 5-Room And Executive Flats,2023,45626
70-74 Years,HDB 5-Room And Executive Flats,2022,43254
70-74 Years,HDB 5-Room And Executive Flats,2021,40885
70-74 Years,HDB 5-Room And Executive Flats,2020,37925
70-74 Years,HDB 5-Room And Executive Flats,2019,33101
70-74 Years,HDB 5-Room And Executive Flats,2018,29331
70-74 Years,HDB 5-Room And Executive Flats,2017,25486
70-74 Years,HDB 5-Room And Executive Flats,2016,22095
70-74 Years,HDB 5-Room And Executive Flats,2015,21671
70-74 Years,HDB 5-Room And Executive Flats,2014,22224
70-74 Years,HDB 5-Room And Executive Flats,2013,21695
70-74 Years,HDB 5-Room And Executive Flats,2012,21065
70-74 Years,HDB 5-Room And Executive Flats,2011,19860
70-74 Years,HDB 5-Room And Executive Flats,2010,18172
70-74 Years,HDB 5-Room And Executive Flats,2009,17129
70-74 Years,HDB 5-Room And Executive Flats,2008,15722
70-74 Years,HDB 5-Room And Executive Flats,2007,15024
70-74 Years,HDB 5-Room And Executive Flats,2006,14858
70-74 Years,HDB 5-Room And Executive Flats,2005,14347
70-74 Years,HDB 5-Room And Executive Flats,2004,13331
70-74 Years,HDB 5-Room And Executive Flats,2003,12680
70-74 Years,HDB 5-Room And Executive Flats,2002,12552
70-74 Years,HDB 5-Room And Executive Flats,2001,12186
70-74 Years,HDB 5-Room And Executive Flats,2000,11494
70-74 Years,Condominiums & Other Apartments,2025,19707
70-74 Years,Condominiums & Other Apartments,2024,18696
70-74 Years,Condominiums & Other Apartments,2023,17698
70-74 Years,Condominiums & Other Apartments,2022,16912
70-74 Years,Condominiums & Other Apartments,2021,15722
70-74 Years,Condominiums & Other Apartments,2020,15054
70-74 Years,Condominiums & Other Apartments,2019,13305
70-74 Years,Condominiums & Other Apartments,2018,11883
70-74 Years,Condominiums & Other Apartments,2017,10080
70-74 Years,Condominiums & Other Apartments,2016,8228
70-74 Years,Condominiums & Other Apartments,2015,7614
70-74 Years,Condominiums & Other Apartments,2014,7491
70-74 Years,Condominiums & Other Apartments,2013,7166
70-74 Years,Condominiums & Other Apartments,2012,6734
70-74 Years,Condominiums & Other Apartments,2011,6365
70-74 Years,Condominiums & Other Apartments,2010,5705
70-74 Years,Condominiums & Other Apartments,2009,5152
70-74 Years,Condominiums & Other Apartments,2008,4671
70-74 Years,Condominiums & Other Apartments,2007,4496
70-74 Years,Condominiums & Other Apartments,2006,4223
70-74 Years,Condominiums & Other Apartments,2005,3886
70-74 Years,Condominiums & Other Apartments,2004,3516
70-74 Years,Condominiums & Other Apartments,2003,3332
70-74 Years,Condominiums & Other Apartments,2002,3440
70-74 Years,Condominiums & Other Apartments,2001,3244
70-74 Years,Condominiums & Other Apartments,2000,2984
70-74 Years,Landed Properties,2025,15143
70-74 Years,Landed Properties,2024,15148
70-74 Years,Landed Properties,2023,15043
70-74 Years,Landed Properties,2022,14729
70-74 Years,Landed Properties,2021,14565
70-74 Years,Landed Properties,2020,14054
70-74 Years,Landed Properties,2019,12501
70-74 Years,Landed Properties,2018,11473
70-74 Years,Landed Properties,2017,10376
70-74 Years,Landed Properties,2016,9217
70-74 Years,Landed Properties,2015,8872
70-74 Years,Landed Properties,2014,9180
70-74 Years,Landed Properties,2013,8897
70-74 Years,Landed Properties,2012,8842
70-74 Years,Landed Properties,2011,8570
70-74 Years,Landed Properties,2010,8272
70-74 Years,Landed Properties,2009,7959
70-74 Years,Landed Properties,2008,7499
70-74 Years,Landed Properties,2007,7346
70-74 Years,Landed Properties,2006,7370
70-74 Years,Landed Properties,2005,7220
70-74 Years,Landed Properties,2004,6961
70-74 Years,Landed Properties,2003,6887
70-74 Years,Landed Properties,2002,7186
70-74 Years,Landed Properties,2001,6994
70-74 Years,Landed Properties,2000,6786
70-74 Years,Other Types Of Dwelling,2025,3525
70-74 Years,Other Types Of Dwelling,2024,3379
70-74 Years,Other Types Of Dwelling,2023,3268
70-74 Years,Other Types Of Dwelling,2022,3101
70-74 Years,Other Types Of Dwelling,2021,3120
70-74 Years,Other Types Of Dwelling,2020,2961
70-74 Years,Other Types Of Dwelling,2019,2583
70-74 Years,Other Types Of Dwelling,2018,2367
70-74 Years,Other Types Of Dwelling,2017,2043
70-74 Years,Other Types Of Dwelling,2016,1889
70-74 Years,Other Types Of Dwelling,2015,1967
70-74 Years,Other Types Of Dwelling,2014,2150
70-74 Years,Other Types Of Dwelling,2013,2095
70-74 Years,Other Types Of Dwelling,2012,2070
70-74 Years,Other Types Of Dwelling,2011,2056
70-74 Years,Other Types Of Dwelling,2010,1857
70-74 Years,Other Types Of Dwelling,2009,1863
70-74 Years,Other Types Of Dwelling,2008,1771
70-74 Years,Other Types Of Dwelling,2007,1385
70-74 Years,Other Types Of Dwelling,2006,1421
70-74 Years,Other Types Of Dwelling,2005,1544
70-74 Years,Other Types Of Dwelling,2004,1370
70-74 Years,Other Types Of Dwelling,2003,1458
70-74 Years,Other Types Of Dwelling,2002,1785
70-74 Years,Other Types Of Dwelling,2001,2004
70-74 Years,Other Types Of Dwelling,2000,2150
75-79 Years,HDB 1- And 2-Room Flats,2025,13434
75-79 Years,HDB 1- And 2-Room Flats,2024,11551
75-79 Years,HDB 1- And 2-Room Flats,2023,10199
75-79 Years,HDB 1- And 2-Room Flats,2022,8816
75-79 Years,HDB 1- And 2-Room Flats,2021,7440
75-79 Years,HDB 1- And 2-Room Flats,2020,7377
75-79 Years,HDB 1- And 2-Room Flats,2019,7791
75-79 Years,HDB 1- And 2-Room Flats,2018,7665
75-79 Years,HDB 1- And 2-Room Flats,2017,7619
75-79 Years,HDB 1- And 2-Room Flats,2016,7205
75-79 Years,HDB 1- And 2-Room Flats,2015,6664
75-79 Years,HDB 1- And 2-Room Flats,2014,6113
75-79 Years,HDB 1- And 2-Room Flats,2013,5777
75-79 Years,HDB 1- And 2-Room Flats,2012,5540
75-79 Years,HDB 1- And 2-Room Flats,2011,5494
75-79 Years,HDB 1- And 2-Room Flats,2010,5314
75-79 Years,HDB 1- And 2-Room Flats,2009,5149
75-79 Years,HDB 1- And 2-Room Flats,2008,5038
75-79 Years,HDB 1- And 2-Room Flats,2007,4958
75-79 Years,HDB 1- And 2-Room Flats,2006,4690
75-79 Years,HDB 1- And 2-Room Flats,2005,4404
75-79 Years,HDB 1- And 2-Room Flats,2004,4128
75-79 Years,HDB 1- And 2-Room Flats,2003,3571
75-79 Years,HDB 1- And 2-Room Flats,2002,4491
75-79 Years,HDB 1- And 2-Room Flats,2001,4090
75-79 Years,HDB 1- And 2-Room Flats,2000,3819
75-79 Years,HDB 3-Room Flats,2025,30321
75-79 Years,HDB 3-Room Flats,2024,27443
75-79 Years,HDB 3-Room Flats,2023,25263
75-79 Years,HDB 3-Room Flats,2022,22642
75-79 Years,HDB 3-Room Flats,2021,19769
75-79 Years,HDB 3-Room Flats,2020,20234
75-79 Years,HDB 3-Room Flats,2019,21606
75-79 Years,HDB 3-Room Flats,2018,21850
75-79 Years,HDB 3-Room Flats,2017,21805
75-79 Years,HDB 3-Room Flats,2016,21281
75-79 Years,HDB 3-Room Flats,2015,19760
75-79 Years,HDB 3-Room Flats,2014,18562
75-79 Years,HDB 3-Room Flats,2013,17148
75-79 Years,HDB 3-Room Flats,2012,16629
75-79 Years,HDB 3-Room Flats,2011,16466
75-79 Years,HDB 3-Room Flats,2010,16059
75-79 Years,HDB 3-Room Flats,2009,14920
75-79 Years,HDB 3-Room Flats,2008,14050
75-79 Years,HDB 3-Room Flats,2007,13512
75-79 Years,HDB 3-Room Flats,2006,12909
75-79 Years,HDB 3-Room Flats,2005,12224
75-79 Years,HDB 3-Room Flats,2004,11734
75-79 Years,HDB 3-Room Flats,2003,10593
75-79 Years,HDB 3-Room Flats,2002,11125
75-79 Years,HDB 3-Room Flats,2001,10487
75-79 Years,HDB 3-Room Flats,2000,9967
75-79 Years,HDB 4-Room Flats,2025,45779
75-79 Years,HDB 4-Room Flats,2024,39977
75-79 Years,HDB 4-Room Flats,2023,35680
75-79 Years,HDB 4-Room Flats,2022,31339
75-79 Years,HDB 4-Room Flats,2021,26900
75-79 Years,HDB 4-Room Flats,2020,26905
75-79 Years,HDB 4-Room Flats,2019,27926
75-79 Years,HDB 4-Room Flats,2018,27409
75-79 Years,HDB 4-Room Flats,2017,26897
75-79 Years,HDB 4-Room Flats,2016,25498
75-79 Years,HDB 4-Room Flats,2015,23323
75-79 Years,HDB 4-Room Flats,2014,21987
75-79 Years,HDB 4-Room Flats,2013,20419
75-79 Years,HDB 4-Room Flats,2012,19681
75-79 Years,HDB 4-Room Flats,2011,19696
75-79 Years,HDB 4-Room Flats,2010,19385
75-79 Years,HDB 4-Room Flats,2009,18150
75-79 Years,HDB 4-Room Flats,2008,17392
75-79 Years,HDB 4-Room Flats,2007,16701
75-79 Years,HDB 4-Room Flats,2006,16158
75-79 Years,HDB 4-Room Flats,2005,15306
75-79 Years,HDB 4-Room Flats,2004,14466
75-79 Years,HDB 4-Room Flats,2003,13095
75-79 Years,HDB 4-Room Flats,2002,13135
75-79 Years,HDB 4-Room Flats,2001,12032
75-79 Years,HDB 4-Room Flats,2000,11199
75-79 Years,HDB 5-Room And Executive Flats,2025,33202
75-79 Years,HDB 5-Room And Executive Flats,2024,28994
75-79 Years,HDB 5-Room And Executive Flats,2023,25849
75-79 Years,HDB 5-Room And Executive Flats,2022,22224
75-79 Years,HDB 5-Room And Executive Flats,2021,19025
75-79 Years,HDB 5-Room And Executive Flats,2020,18878
75-79 Years,HDB 5-Room And Executive Flats,2019,19203
75-79 Years,HDB 5-Room And Executive Flats,2018,18724
75-79 Years,HDB 5-Room And Executive Flats,2017,18376
75-79 Years,HDB 5-Room And Executive Flats,2016,17487
75-79 Years,HDB 5-Room And Executive Flats,2015,16174
75-79 Years,HDB 5-Room And Executive Flats,2014,15291
75-79 Years,HDB 5-Room And Executive Flats,2013,13978
75-79 Years,HDB 5-Room And Executive Flats,2012,13244
75-79 Years,HDB 5-Room And Executive Flats,2011,12919
75-79 Years,HDB 5-Room And Executive Flats,2010,12457
75-79 Years,HDB 5-Room And Executive Flats,2009,11759
75-79 Years,HDB 5-Room And Executive Flats,2008,11191
75-79 Years,HDB 5-Room And Executive Flats,2007,10970
75-79 Years,HDB 5-Room And Executive Flats,2006,10437
75-79 Years,HDB 5-Room And Executive Flats,2005,9925
75-79 Years,HDB 5-Room And Executive Flats,2004,9082
75-79 Years,HDB 5-Room And Executive Flats,2003,8069
75-79 Years,HDB 5-Room And Executive Flats,2002,8300
75-79 Years,HDB 5-Room And Executive Flats,2001,7659
75-79 Years,HDB 5-Room And Executive Flats,2000,7094
75-79 Years,Condominiums & Other Apartments,2025,13930
75-79 Years,Condominiums & Other Apartments,2024,12271
75-79 Years,Condominiums & Other Apartments,2023,10839
75-79 Years,Condominiums & Other Apartments,2022,9143
75-79 Years,Condominiums & Other Apartments,2021,7500
75-79 Years,Condominiums & Other Apartments,2020,7268
75-79 Years,Condominiums & Other Apartments,2019,7311
75-79 Years,Condominiums & Other Apartments,2018,7128
75-79 Years,Condominiums & Other Apartments,2017,6823
75-79 Years,Condominiums & Other Apartments,2016,6199
75-79 Years,Condominiums & Other Apartments,2015,5664
75-79 Years,Condominiums & Other Apartments,2014,5082
75-79 Years,Condominiums & Other Apartments,2013,4491
75-79 Years,Condominiums & Other Apartments,2012,4118
75-79 Years,Condominiums & Other Apartments,2011,3850
75-79 Years,Condominiums & Other Apartments,2010,3552
75-79 Years,Condominiums & Other Apartments,2009,3316
75-79 Years,Condominiums & Other Apartments,2008,3217
75-79 Years,Condominiums & Other Apartments,2007,3209
75-79 Years,Condominiums & Other Apartments,2006,3042
75-79 Years,Condominiums & Other Apartments,2005,2809
75-79 Years,Condominiums & Other Apartments,2004,2372
75-79 Years,Condominiums & Other Apartments,2003,2047
75-79 Years,Condominiums & Other Apartments,2002,2288
75-79 Years,Condominiums & Other Apartments,2001,2059
75-79 Years,Condominiums & Other Apartments,2000,1789
75-79 Years,Landed Properties,2025,12368
75-79 Years,Landed Properties,2024,11113
75-79 Years,Landed Properties,2023,10184
75-79 Years,Landed Properties,2022,9114
75-79 Years,Landed Properties,2021,8057
75-79 Years,Landed Properties,2020,7927
75-79 Years,Landed Properties,2019,8169
75-79 Years,Landed Properties,2018,7892
75-79 Years,Landed Properties,2017,7917
75-79 Years,Landed Properties,2016,7736
75-79 Years,Landed Properties,2015,7367
75-79 Years,Landed Properties,2014,7068
75-79 Years,Landed Properties,2013,6711
75-79 Years,Landed Properties,2012,6434
75-79 Years,Landed Properties,2011,6396
75-79 Years,Landed Properties,2010,6284
75-79 Years,Landed Properties,2009,6057
75-79 Years,Landed Properties,2008,6002
75-79 Years,Landed Properties,2007,5820
75-79 Years,Landed Properties,2006,5581
75-79 Years,Landed Properties,2005,5291
75-79 Years,Landed Properties,2004,4749
75-79 Years,Landed Properties,2003,4239
75-79 Years,Landed Properties,2002,4650
75-79 Years,Landed Properties,2001,4437
75-79 Years,Landed Properties,2000,4242
75-79 Years,Other Types Of Dwelling,2025,3786
75-79 Years,Other Types Of Dwelling,2024,3263
75-79 Years,Other Types Of Dwelling,2023,2989
75-79 Years,Other Types Of Dwelling,2022,2514
75-79 Years,Other Types Of Dwelling,2021,2287
75-79 Years,Other Types Of Dwelling,2020,2401
75-79 Years,Other Types Of Dwelling,2019,2594
75-79 Years,Other Types Of Dwelling,2018,2659
75-79 Years,Other Types Of Dwelling,2017,2516
75-79 Years,Other Types Of Dwelling,2016,2437
75-79 Years,Other Types Of Dwelling,2015,2161
75-79 Years,Other Types Of Dwelling,2014,2094
75-79 Years,Other Types Of Dwelling,2013,1971
75-79 Years,Other Types Of Dwelling,2012,1905
75-79 Years,Other Types Of Dwelling,2011,1988
75-79 Years,Other Types Of Dwelling,2010,2009
75-79 Years,Other Types Of Dwelling,2009,2025
75-79 Years,Other Types Of Dwelling,2008,1995
75-79 Years,Other Types Of Dwelling,2007,1415
75-79 Years,Other Types Of Dwelling,2006,1455
75-79 Years,Other Types Of Dwelling,2005,1503
75-79 Years,Other Types Of Dwelling,2004,1215
75-79 Years,Other Types Of Dwelling,2003,1112
75-79 Years,Other Types Of Dwelling,2002,1658
75-79 Years,Other Types Of Dwelling,2001,1512
75-79 Years,Other Types Of Dwelling,2000,1299
80-84 Years,HDB 1- And 2-Room Flats,2025,6010
80-84 Years,HDB 1- And 2-Room Flats,2024,6313
80-84 Years,HDB 1- And 2-Room Flats,2023,6190
80-84 Years,HDB 1- And 2-Room Flats,2022,6145
80-84 Years,HDB 1- And 2-Room Flats,2021,5936
80-84 Years,HDB 1- And 2-Room Flats,2020,5598
80-84 Years,HDB 1- And 2-Room Flats,2019,5209
80-84 Years,HDB 1- And 2-Room Flats,2018,4828
80-84 Years,HDB 1- And 2-Room Flats,2017,4559
80-84 Years,HDB 1- And 2-Room Flats,2016,4500
80-84 Years,HDB 1- And 2-Room Flats,2015,4385
80-84 Years,HDB 1- And 2-Room Flats,2014,4006
80-84 Years,HDB 1- And 2-Room Flats,2013,3825
80-84 Years,HDB 1- And 2-Room Flats,2012,3577
80-84 Years,HDB 1- And 2-Room Flats,2011,3396
80-84 Years,HDB 1- And 2-Room Flats,2010,3196
80-84 Years,HDB 1- And 2-Room Flats,2009,2996
80-84 Years,HDB 1- And 2-Room Flats,2008,2668
80-84 Years,HDB 1- And 2-Room Flats,2007,2594
80-84 Years,HDB 1- And 2-Room Flats,2006,2484
80-84 Years,HDB 1- And 2-Room Flats,2005,2381
80-84 Years,HDB 1- And 2-Room Flats,2004,2356
80-84 Years,HDB 1- And 2-Room Flats,2003,2315
80-84 Years,HDB 1- And 2-Room Flats,2002,2383
80-84 Years,HDB 1- And 2-Room Flats,2001,2163
80-84 Years,HDB 1- And 2-Room Flats,2000,2088
80-84 Years,HDB 3-Room Flats,2025,16106
80-84 Years,HDB 3-Room Flats,2024,16934
80-84 Years,HDB 3-Room Flats,2023,17113
80-84 Years,HDB 3-Room Flats,2022,17156
80-84 Years,HDB 3-Room Flats,2021,16649
80-84 Years,HDB 3-Room Flats,2020,15381
80-84 Years,HDB 3-Room Flats,2019,14414
80-84 Years,HDB 3-Room Flats,2018,13148
80-84 Years,HDB 3-Room Flats,2017,12554
80-84 Years,HDB 3-Room Flats,2016,12322
80-84 Years,HDB 3-Room Flats,2015,11826
80-84 Years,HDB 3-Room Flats,2014,10972
80-84 Years,HDB 3-Room Flats,2013,10240
80-84 Years,HDB 3-Room Flats,2012,9808
80-84 Years,HDB 3-Room Flats,2011,9382
80-84 Years,HDB 3-Room Flats,2010,8868
80-84 Years,HDB 3-Room Flats,2009,8199
80-84 Years,HDB 3-Room Flats,2008,7359
80-84 Years,HDB 3-Room Flats,2007,7026
80-84 Years,HDB 3-Room Flats,2006,6480
80-84 Years,HDB 3-Room Flats,2005,6171
80-84 Years,HDB 3-Room Flats,2004,6256
80-84 Years,HDB 3-Room Flats,2003,6077
80-84 Years,HDB 3-Room Flats,2002,5872
80-84 Years,HDB 3-Room Flats,2001,5809
80-84 Years,HDB 3-Room Flats,2000,5755
80-84 Years,HDB 4-Room Flats,2025,21488
80-84 Years,HDB 4-Room Flats,2024,22409
80-84 Years,HDB 4-Room Flats,2023,21879
80-84 Years,HDB 4-Room Flats,2022,21373
80-84 Years,HDB 4-Room Flats,2021,20233
80-84 Years,HDB 4-Room Flats,2020,18664
80-84 Years,HDB 4-Room Flats,2019,17442
80-84 Years,HDB 4-Room Flats,2018,16036
80-84 Years,HDB 4-Room Flats,2017,15400
80-84 Years,HDB 4-Room Flats,2016,15424
80-84 Years,HDB 4-Room Flats,2015,15055
80-84 Years,HDB 4-Room Flats,2014,13999
80-84 Years,HDB 4-Room Flats,2013,13342
80-84 Years,HDB 4-Room Flats,2012,12660
80-84 Years,HDB 4-Room Flats,2011,12034
80-84 Years,HDB 4-Room Flats,2010,11442
80-84 Years,HDB 4-Room Flats,2009,10684
80-84 Years,HDB 4-Room Flats,2008,9780
80-84 Years,HDB 4-Room Flats,2007,9210
80-84 Years,HDB 4-Room Flats,2006,8448
80-84 Years,HDB 4-Room Flats,2005,7963
80-84 Years,HDB 4-Room Flats,2004,7776
80-84 Years,HDB 4-Room Flats,2003,7438
80-84 Years,HDB 4-Room Flats,2002,7154
80-84 Years,HDB 4-Room Flats,2001,6629
80-84 Years,HDB 4-Room Flats,2000,6255
80-84 Years,HDB 5-Room And Executive Flats,2025,15275
80-84 Years,HDB 5-Room And Executive Flats,2024,15600
80-84 Years,HDB 5-Room And Executive Flats,2023,15162
80-84 Years,HDB 5-Room And Executive Flats,2022,14769
80-84 Years,HDB 5-Room And Executive Flats,2021,13975
80-84 Years,HDB 5-Room And Executive Flats,2020,12958
80-84 Years,HDB 5-Room And Executive Flats,2019,12173
80-84 Years,HDB 5-Room And Executive Flats,2018,11000
80-84 Years,HDB 5-Room And Executive Flats,2017,10508
80-84 Years,HDB 5-Room And Executive Flats,2016,10393
80-84 Years,HDB 5-Room And Executive Flats,2015,10058
80-84 Years,HDB 5-Room And Executive Flats,2014,9406
80-84 Years,HDB 5-Room And Executive Flats,2013,8983
80-84 Years,HDB 5-Room And Executive Flats,2012,8616
80-84 Years,HDB 5-Room And Executive Flats,2011,8191
80-84 Years,HDB 5-Room And Executive Flats,2010,7732
80-84 Years,HDB 5-Room And Executive Flats,2009,7138
80-84 Years,HDB 5-Room And Executive Flats,2008,6671
80-84 Years,HDB 5-Room And Executive Flats,2007,6194
80-84 Years,HDB 5-Room And Executive Flats,2006,5895
80-84 Years,HDB 5-Room And Executive Flats,2005,5499
80-84 Years,HDB 5-Room And Executive Flats,2004,5201
80-84 Years,HDB 5-Room And Executive Flats,2003,4975
80-84 Years,HDB 5-Room And Executive Flats,2002,4784
80-84 Years,HDB 5-Room And Executive Flats,2001,4420
80-84 Years,HDB 5-Room And Executive Flats,2000,4164
80-84 Years,Condominiums & Other Apartments,2025,6228
80-84 Years,Condominiums & Other Apartments,2024,6205
80-84 Years,Condominiums & Other Apartments,2023,5950
80-84 Years,Condominiums & Other Apartments,2022,5689
80-84 Years,Condominiums & Other Apartments,2021,5283
80-84 Years,Condominiums & Other Apartments,2020,4971
80-84 Years,Condominiums & Other Apartments,2019,4553
80-84 Years,Condominiums & Other Apartments,2018,4069
80-84 Years,Condominiums & Other Apartments,2017,3761
80-84 Years,Condominiums & Other Apartments,2016,3395
80-84 Years,Condominiums & Other Apartments,2015,3151
80-84 Years,Condominiums & Other Apartments,2014,2860
80-84 Years,Condominiums & Other Apartments,2013,2705
80-84 Years,Condominiums & Other Apartments,2012,2552
80-84 Years,Condominiums & Other Apartments,2011,2497
80-84 Years,Condominiums & Other Apartments,2010,2246
80-84 Years,Condominiums & Other Apartments,2009,2062
80-84 Years,Condominiums & Other Apartments,2008,1890
80-84 Years,Condominiums & Other Apartments,2007,1837
80-84 Years,Condominiums & Other Apartments,2006,1686
80-84 Years,Condominiums & Other Apartments,2005,1540
80-84 Years,Condominiums & Other Apartments,2004,1441
80-84 Years,Condominiums & Other Apartments,2003,1344
80-84 Years,Condominiums & Other Apartments,2002,1312
80-84 Years,Condominiums & Other Apartments,2001,1214
80-84 Years,Condominiums & Other Apartments,2000,1110
80-84 Years,Landed Properties,2025,6618
80-84 Years,Landed Properties,2024,6873
80-84 Years,Landed Properties,2023,6693
80-84 Years,Landed Properties,2022,6668
80-84 Years,Landed Properties,2021,6479
80-84 Years,Landed Properties,2020,6255
80-84 Years,Landed Properties,2019,5925
80-84 Years,Landed Properties,2018,5621
80-84 Years,Landed Properties,2017,5411
80-84 Years,Landed Properties,2016,5318
80-84 Years,Landed Properties,2015,5216
80-84 Years,Landed Properties,2014,5099
80-84 Years,Landed Properties,2013,5005
80-84 Years,Landed Properties,2012,4814
80-84 Years,Landed Properties,2011,4524
80-84 Years,Landed Properties,2010,4249
80-84 Years,Landed Properties,2009,3922
80-84 Years,Landed Properties,2008,3559
80-84 Years,Landed Properties,2007,3370
80-84 Years,Landed Properties,2006,3177
80-84 Years,Landed Properties,2005,3085
80-84 Years,Landed Properties,2004,2952
80-84 Years,Landed Properties,2003,2829
80-84 Years,Landed Properties,2002,2829
80-84 Years,Landed Properties,2001,2741
80-84 Years,Landed Properties,2000,2598
80-84 Years,Other Types Of Dwelling,2025,3085
80-84 Years,Other Types Of Dwelling,2024,3208
80-84 Years,Other Types Of Dwelling,2023,3178
80-84 Years,Other Types Of Dwelling,2022,3137
80-84 Years,Other Types Of Dwelling,2021,3000
80-84 Years,Other Types Of Dwelling,2020,2686
80-84 Years,Other Types Of Dwelling,2019,2577
80-84 Years,Other Types Of Dwelling,2018,2401
80-84 Years,Other Types Of Dwelling,2017,2148
80-84 Years,Other Types Of Dwelling,2016,2156
80-84 Years,Other Types Of Dwelling,2015,2054
80-84 Years,Other Types Of Dwelling,2014,2026
80-84 Years,Other Types Of Dwelling,2013,2037
80-84 Years,Other Types Of Dwelling,2012,2011
80-84 Years,Other Types Of Dwelling,2011,2038
80-84 Years,Other Types Of Dwelling,2010,2012
80-84 Years,Other Types Of Dwelling,2009,2043
80-84 Years,Other Types Of Dwelling,2008,1863
80-84 Years,Other Types Of Dwelling,2007,1178
80-84 Years,Other Types Of Dwelling,2006,1173
80-84 Years,Other Types Of Dwelling,2005,1147
80-84 Years,Other Types Of Dwelling,2004,804
80-84 Years,Other Types Of Dwelling,2003,722
80-84 Years,Other Types Of Dwelling,2002,763
80-84 Years,Other Types Of Dwelling,2001,770
80-84 Years,Other Types Of Dwelling,2000,764
85-89 Years,HDB 1- And 2-Room Flats,2025,3657
85-89 Years,HDB 1- And 2-Room Flats,2024,3381
85-89 Years,HDB 1- And 2-Room Flats,2023,3129
85-89 Years,HDB 1- And 2-Room Flats,2022,2967
85-89 Years,HDB 1- And 2-Room Flats,2021,2991
85-89 Years,HDB 1- And 2-Room Flats,2020,2928
85-89 Years,HDB 1- And 2-Room Flats,2019,2690
85-89 Years,HDB 1- And 2-Room Flats,2018,2541
85-89 Years,HDB 1- And 2-Room Flats,2017,2440
85-89 Years,HDB 1- And 2-Room Flats,2016,2261
85-89 Years,HDB 1- And 2-Room Flats,2015,2131
85-89 Years,HDB 1- And 2-Room Flats,2014,1963
85-89 Years,HDB 1- And 2-Room Flats,2013,1794
85-89 Years,HDB 1- And 2-Room Flats,2012,1645
85-89 Years,HDB 1- And 2-Room Flats,2011,1517
85-89 Years,HDB 1- And 2-Room Flats,2010,1384
85-89 Years,HDB 1- And 2-Room Flats,2009,1328
85-89 Years,HDB 1- And 2-Room Flats,2008,1334
85-89 Years,HDB 1- And 2-Room Flats,2007,1371
85-89 Years,HDB 1- And 2-Room Flats,2006,1336
85-89 Years,HDB 1- And 2-Room Flats,2005,1279
85-89 Years,HDB 1- And 2-Room Flats,2004,1316
85-89 Years,HDB 1- And 2-Room Flats,2003,1241
85-89 Years,HDB 1- And 2-Room Flats,2002,1256
85-89 Years,HDB 1- And 2-Room Flats,2001,1204
85-89 Years,HDB 1- And 2-Room Flats,2000,1226
85-89 Years,HDB 3-Room Flats,2025,10460
85-89 Years,HDB 3-Room Flats,2024,9712
85-89 Years,HDB 3-Room Flats,2023,8749
85-89 Years,HDB 3-Room Flats,2022,8354
85-89 Years,HDB 3-Room Flats,2021,8246
85-89 Years,HDB 3-Room Flats,2020,7946
85-89 Years,HDB 3-Room Flats,2019,7271
85-89 Years,HDB 3-Room Flats,2018,6676
85-89 Years,HDB 3-Room Flats,2017,6331
85-89 Years,HDB 3-Room Flats,2016,6012
85-89 Years,HDB 3-Room Flats,2015,5614
85-89 Years,HDB 3-Room Flats,2014,5132
85-89 Years,HDB 3-Room Flats,2013,4657
85-89 Years,HDB 3-Room Flats,2012,4380
85-89 Years,HDB 3-Room Flats,2011,4045
85-89 Years,HDB 3-Room Flats,2010,3836
85-89 Years,HDB 3-Room Flats,2009,3577
85-89 Years,HDB 3-Room Flats,2008,3432
85-89 Years,HDB 3-Room Flats,2007,3380
85-89 Years,HDB 3-Room Flats,2006,3166
85-89 Years,HDB 3-Room Flats,2005,3093
85-89 Years,HDB 3-Room Flats,2004,3151
85-89 Years,HDB 3-Room Flats,2003,3104
85-89 Years,HDB 3-Room Flats,2002,3054
85-89 Years,HDB 3-Room Flats,2001,2929
85-89 Years,HDB 3-Room Flats,2000,2910
85-89 Years,HDB 4-Room Flats,2025,12838
85-89 Years,HDB 4-Room Flats,2024,11844
85-89 Years,HDB 4-Room Flats,2023,10802
85-89 Years,HDB 4-Room Flats,2022,10362
85-89 Years,HDB 4-Room Flats,2021,10503
85-89 Years,HDB 4-Room Flats,2020,10266
85-89 Years,HDB 4-Room Flats,2019,9572
85-89 Years,HDB 4-Room Flats,2018,9003
85-89 Years,HDB 4-Room Flats,2017,8515
85-89 Years,HDB 4-Room Flats,2016,8098
85-89 Years,HDB 4-Room Flats,2015,7643
85-89 Years,HDB 4-Room Flats,2014,7054
85-89 Years,HDB 4-Room Flats,2013,6436
85-89 Years,HDB 4-Room Flats,2012,5970
85-89 Years,HDB 4-Room Flats,2011,5361
85-89 Years,HDB 4-Room Flats,2010,4980
85-89 Years,HDB 4-Room Flats,2009,4685
85-89 Years,HDB 4-Room Flats,2008,4518
85-89 Years,HDB 4-Room Flats,2007,4407
85-89 Years,HDB 4-Room Flats,2006,4135
85-89 Years,HDB 4-Room Flats,2005,3886
85-89 Years,HDB 4-Room Flats,2004,3772
85-89 Years,HDB 4-Room Flats,2003,3554
85-89 Years,HDB 4-Room Flats,2002,3484
85-89 Years,HDB 4-Room Flats,2001,3332
85-89 Years,HDB 4-Room Flats,2000,3145
85-89 Years,HDB 5-Room And Executive Flats,2025,9089
85-89 Years,HDB 5-Room And Executive Flats,2024,8388
85-89 Years,HDB 5-Room And Executive Flats,2023,7583
85-89 Years,HDB 5-Room And Executive Flats,2022,7225
85-89 Years,HDB 5-Room And Executive Flats,2021,7053
85-89 Years,HDB 5-Room And Executive Flats,2020,6857
85-89 Years,HDB 5-Room And Executive Flats,2019,6372
85-89 Years,HDB 5-Room And Executive Flats,2018,5997
85-89 Years,HDB 5-Room And Executive Flats,2017,5834
85-89 Years,HDB 5-Room And Executive Flats,2016,5633
85-89 Years,HDB 5-Room And Executive Flats,2015,5380
85-89 Years,HDB 5-Room And Executive Flats,2014,4947
85-89 Years,HDB 5-Room And Executive Flats,2013,4549
85-89 Years,HDB 5-Room And Executive Flats,2012,4150
85-89 Years,HDB 5-Room And Executive Flats,2011,3846
85-89 Years,HDB 5-Room And Executive Flats,2010,3591
85-89 Years,HDB 5-Room And Executive Flats,2009,3377
85-89 Years,HDB 5-Room And Executive Flats,2008,3136
85-89 Years,HDB 5-Room And Executive Flats,2007,3083
85-89 Years,HDB 5-Room And Executive Flats,2006,2913
85-89 Years,HDB 5-Room And Executive Flats,2005,2728
85-89 Years,HDB 5-Room And Executive Flats,2004,2586
85-89 Years,HDB 5-Room And Executive Flats,2003,2532
85-89 Years,HDB 5-Room And Executive Flats,2002,2399
85-89 Years,HDB 5-Room And Executive Flats,2001,2304
85-89 Years,HDB 5-Room And Executive Flats,2000,2170
85-89 Years,Condominiums & Other Apartments,2025,3676
85-89 Years,Condominiums & Other Apartments,2024,3368
85-89 Years,Condominiums & Other Apartments,2023,2975
85-89 Years,Condominiums & Other Apartments,2022,2708
85-89 Years,Condominiums & Other Apartments,2021,2571
85-89 Years,Condominiums & Other Apartments,2020,2425
85-89 Years,Condominiums & Other Apartments,2019,2215
85-89 Years,Condominiums & Other Apartments,2018,2150
85-89 Years,Condominiums & Other Apartments,2017,1986
85-89 Years,Condominiums & Other Apartments,2016,1865
85-89 Years,Condominiums & Other Apartments,2015,1693
85-89 Years,Condominiums & Other Apartments,2014,1562
85-89 Years,Condominiums & Other Apartments,2013,1379
85-89 Years,Condominiums & Other Apartments,2012,1266
85-89 Years,Condominiums & Other Apartments,2011,1132
85-89 Years,Condominiums & Other Apartments,2010,1000
85-89 Years,Condominiums & Other Apartments,2009,963
85-89 Years,Condominiums & Other Apartments,2008,977
85-89 Years,Condominiums & Other Apartments,2007,988
85-89 Years,Condominiums & Other Apartments,2006,938
85-89 Years,Condominiums & Other Apartments,2005,865
85-89 Years,Condominiums & Other Apartments,2004,748
85-89 Years,Condominiums & Other Apartments,2003,660
85-89 Years,Condominiums & Other Apartments,2002,672
85-89 Years,Condominiums & Other Apartments,2001,595
85-89 Years,Condominiums & Other Apartments,2000,555
85-89 Years,Landed Properties,2025,4695
85-89 Years,Landed Properties,2024,4383
85-89 Years,Landed Properties,2023,4151
85-89 Years,Landed Properties,2022,3999
85-89 Years,Landed Properties,2021,3934
85-89 Years,Landed Properties,2020,3854
85-89 Years,Landed Properties,2019,3735
85-89 Years,Landed Properties,2018,3605
85-89 Years,Landed Properties,2017,3465
85-89 Years,Landed Properties,2016,3274
85-89 Years,Landed Properties,2015,3060
85-89 Years,Landed Properties,2014,2834
85-89 Years,Landed Properties,2013,2566
85-89 Years,Landed Properties,2012,2348
85-89 Years,Landed Properties,2011,2188
85-89 Years,Landed Properties,2010,2105
85-89 Years,Landed Properties,2009,2053
85-89 Years,Landed Properties,2008,1937
85-89 Years,Landed Properties,2007,1886
85-89 Years,Landed Properties,2006,1850
85-89 Years,Landed Properties,2005,1717
85-89 Years,Landed Properties,2004,1574
85-89 Years,Landed Properties,2003,1516
85-89 Years,Landed Properties,2002,1578
85-89 Years,Landed Properties,2001,1512
85-89 Years,Landed Properties,2000,1452
85-89 Years,Other Types Of Dwelling,2025,3135
85-89 Years,Other Types Of Dwelling,2024,2830
85-89 Years,Other Types Of Dwelling,2023,2627
85-89 Years,Other Types Of Dwelling,2022,2333
85-89 Years,Other Types Of Dwelling,2021,2370
85-89 Years,Other Types Of Dwelling,2020,2310
85-89 Years,Other Types Of Dwelling,2019,2080
85-89 Years,Other Types Of Dwelling,2018,2019
85-89 Years,Other Types Of Dwelling,2017,1910
85-89 Years,Other Types Of Dwelling,2016,1917
85-89 Years,Other Types Of Dwelling,2015,1950
85-89 Years,Other Types Of Dwelling,2014,1969
85-89 Years,Other Types Of Dwelling,2013,1810
85-89 Years,Other Types Of Dwelling,2012,1697
85-89 Years,Other Types Of Dwelling,2011,1620
85-89 Years,Other Types Of Dwelling,2010,1532
85-89 Years,Other Types Of Dwelling,2009,1542
85-89 Years,Other Types Of Dwelling,2008,1364
85-89 Years,Other Types Of Dwelling,2007,753
85-89 Years,Other Types Of Dwelling,2006,812
85-89 Years,Other Types Of Dwelling,2005,893
85-89 Years,Other Types Of Dwelling,2004,587
85-89 Years,Other Types Of Dwelling,2003,556
85-89 Years,Other Types Of Dwelling,2002,545
85-89 Years,Other Types Of Dwelling,2001,553
85-89 Years,Other Types Of Dwelling,2000,556
90 Years & Over,HDB 1- And 2-Room Flats,2025,2007
90 Years & Over,HDB 1- And 2-Room Flats,2024,1819
90 Years & Over,HDB 1- And 2-Room Flats,2023,1750
90 Years & Over,HDB 1- And 2-Room Flats,2022,1801
90 Years & Over,HDB 1- And 2-Room Flats,2021,1736
90 Years & Over,HDB 1- And 2-Room Flats,2020,1655
90 Years & Over,HDB 1- And 2-Room Flats,2019,1569
90 Years & Over,HDB 1- And 2-Room Flats,2018,1449
90 Years & Over,HDB 1- And 2-Room Flats,2017,1345
90 Years & Over,HDB 1- And 2-Room Flats,2016,1236
90 Years & Over,HDB 1- And 2-Room Flats,2015,1140
90 Years & Over,HDB 1- And 2-Room Flats,2014,1076
90 Years & Over,HDB 1- And 2-Room Flats,2013,1038
90 Years & Over,HDB 1- And 2-Room Flats,2012,980
90 Years & Over,HDB 1- And 2-Room Flats,2011,868
90 Years & Over,HDB 1- And 2-Room Flats,2010,834
90 Years & Over,HDB 1- And 2-Room Flats,2009,860
90 Years & Over,HDB 1- And 2-Room Flats,2008,819
90 Years & Over,HDB 1- And 2-Room Flats,2007,835
90 Years & Over,HDB 1- And 2-Room Flats,2006,796
90 Years & Over,HDB 1- And 2-Room Flats,2005,760
90 Years & Over,HDB 1- And 2-Room Flats,2004,762
90 Years & Over,HDB 1- And 2-Room Flats,2003,698
90 Years & Over,HDB 1- And 2-Room Flats,2002,685
90 Years & Over,HDB 1- And 2-Room Flats,2001,626
90 Years & Over,HDB 1- And 2-Room Flats,2000,587
90 Years & Over,HDB 3-Room Flats,2025,5328
90 Years & Over,HDB 3-Room Flats,2024,4812
90 Years & Over,HDB 3-Room Flats,2023,4459
90 Years & Over,HDB 3-Room Flats,2022,4307
90 Years & Over,HDB 3-Room Flats,2021,4147
90 Years & Over,HDB 3-Room Flats,2020,3890
90 Years & Over,HDB 3-Room Flats,2019,3570
90 Years & Over,HDB 3-Room Flats,2018,3262
90 Years & Over,HDB 3-Room Flats,2017,3041
90 Years & Over,HDB 3-Room Flats,2016,2765
90 Years & Over,HDB 3-Room Flats,2015,2592
90 Years & Over,HDB 3-Room Flats,2014,2397
90 Years & Over,HDB 3-Room Flats,2013,2337
90 Years & Over,HDB 3-Room Flats,2012,2177
90 Years & Over,HDB 3-Room Flats,2011,2043
90 Years & Over,HDB 3-Room Flats,2010,1938
90 Years & Over,HDB 3-Room Flats,2009,1767
90 Years & Over,HDB 3-Room Flats,2008,1668
90 Years & Over,HDB 3-Room Flats,2007,1722
90 Years & Over,HDB 3-Room Flats,2006,1597
90 Years & Over,HDB 3-Room Flats,2005,1563
90 Years & Over,HDB 3-Room Flats,2004,1650
90 Years & Over,HDB 3-Room Flats,2003,1534
90 Years & Over,HDB 3-Room Flats,2002,1475
90 Years & Over,HDB 3-Room Flats,2001,1362
90 Years & Over,HDB 3-Room Flats,2000,1230
90 Years & Over,HDB 4-Room Flats,2025,7066
90 Years & Over,HDB 4-Room Flats,2024,6482
90 Years & Over,HDB 4-Room Flats,2023,6086
90 Years & Over,HDB 4-Room Flats,2022,5877
90 Years & Over,HDB 4-Room Flats,2021,5632
90 Years & Over,HDB 4-Room Flats,2020,5346
90 Years & Over,HDB 4-Room Flats,2019,4898
90 Years & Over,HDB 4-Room Flats,2018,4463
90 Years & Over,HDB 4-Room Flats,2017,4140
90 Years & Over,HDB 4-Room Flats,2016,3719
90 Years & Over,HDB 4-Room Flats,2015,3468
90 Years & Over,HDB 4-Room Flats,2014,3246
90 Years & Over,HDB 4-Room Flats,2013,3070
90 Years & Over,HDB 4-Room Flats,2012,2846
90 Years & Over,HDB 4-Room Flats,2011,2645
90 Years & Over,HDB 4-Room Flats,2010,2496
90 Years & Over,HDB 4-Room Flats,2009,2311
90 Years & Over,HDB 4-Room Flats,2008,2208
90 Years & Over,HDB 4-Room Flats,2007,2229
90 Years & Over,HDB 4-Room Flats,2006,2058
90 Years & Over,HDB 4-Room Flats,2005,1892
90 Years & Over,HDB 4-Room Flats,2004,1945
90 Years & Over,HDB 4-Room Flats,2003,1821
90 Years & Over,HDB 4-Room Flats,2002,1757
90 Years & Over,HDB 4-Room Flats,2001,1552
90 Years & Over,HDB 4-Room Flats,2000,1410
90 Years & Over,HDB 5-Room And Executive Flats,2025,4808
90 Years & Over,HDB 5-Room And Executive Flats,2024,4394
90 Years & Over,HDB 5-Room And Executive Flats,2023,4120
90 Years & Over,HDB 5-Room And Executive Flats,2022,4085
90 Years & Over,HDB 5-Room And Executive Flats,2021,3925
90 Years & Over,HDB 5-Room And Executive Flats,2020,3745
90 Years & Over,HDB 5-Room And Executive Flats,2019,3503
90 Years & Over,HDB 5-Room And Executive Flats,2018,3240
90 Years & Over,HDB 5-Room And Executive Flats,2017,2936
90 Years & Over,HDB 5-Room And Executive Flats,2016,2666
90 Years & Over,HDB 5-Room And Executive Flats,2015,2515
90 Years & Over,HDB 5-Room And Executive Flats,2014,2395
90 Years & Over,HDB 5-Room And Executive Flats,2013,2273
90 Years & Over,HDB 5-Room And Executive Flats,2012,2124
90 Years & Over,HDB 5-Room And Executive Flats,2011,1986
90 Years & Over,HDB 5-Room And Executive Flats,2010,1845
90 Years & Over,HDB 5-Room And Executive Flats,2009,1767
90 Years & Over,HDB 5-Room And Executive Flats,2008,1692
90 Years & Over,HDB 5-Room And Executive Flats,2007,1632
90 Years & Over,HDB 5-Room And Executive Flats,2006,1507
90 Years & Over,HDB 5-Room And Executive Flats,2005,1401
90 Years & Over,HDB 5-Room And Executive Flats,2004,1317
90 Years & Over,HDB 5-Room And Executive Flats,2003,1204
90 Years & Over,HDB 5-Room And Executive Flats,2002,1178
90 Years & Over,HDB 5-Room And Executive Flats,2001,1005
90 Years & Over,HDB 5-Room And Executive Flats,2000,901
90 Years & Over,Condominiums & Other Apartments,2025,1836
90 Years & Over,Condominiums & Other Apartments,2024,1678
90 Years & Over,Condominiums & Other Apartments,2023,1567
90 Years & Over,Condominiums & Other Apartments,2022,1474
90 Years & Over,Condominiums & Other Apartments,2021,1363
90 Years & Over,Condominiums & Other Apartments,2020,1255
90 Years & Over,Condominiums & Other Apartments,2019,1187
90 Years & Over,Condominiums & Other Apartments,2018,1094
90 Years & Over,Condominiums & Other Apartments,2017,1037
90 Years & Over,Condominiums & Other Apartments,2016,908
90 Years & Over,Condominiums & Other Apartments,2015,818
90 Years & Over,Condominiums & Other Apartments,2014,752
90 Years & Over,Condominiums & Other Apartments,2013,709
90 Years & Over,Condominiums & Other Apartments,2012,673
90 Years & Over,Condominiums & Other Apartments,2011,639
90 Years & Over,Condominiums & Other Apartments,2010,585
90 Years & Over,Condominiums & Other Apartments,2009,526
90 Years & Over,Condominiums & Other Apartments,2008,482
90 Years & Over,Condominiums & Other Apartments,2007,499
90 Years & Over,Condominiums & Other Apartments,2006,461
90 Years & Over,Condominiums & Other Apartments,2005,421
90 Years & Over,Condominiums & Other Apartments,2004,351
90 Years & Over,Condominiums & Other Apartments,2003,301
90 Years & Over,Condominiums & Other Apartments,2002,288
90 Years & Over,Condominiums & Other Apartments,2001,247
90 Years & Over,Condominiums & Other Apartments,2000,192
90 Years & Over,Landed Properties,2025,3126
90 Years & Over,Landed Properties,2024,2982
90 Years & Over,Landed Properties,2023,2944
90 Years & Over,Landed Properties,2022,2761
90 Years & Over,Landed Properties,2021,2613
90 Years & Over,Landed Properties,2020,2453
90 Years & Over,Landed Properties,2019,2271
90 Years & Over,Landed Properties,2018,2080
90 Years & Over,Landed Properties,2017,1916
90 Years & Over,Landed Properties,2016,1798
90 Years & Over,Landed Properties,2015,1686
90 Years & Over,Landed Properties,2014,1592
90 Years & Over,Landed Properties,2013,1517
90 Years & Over,Landed Properties,2012,1458
90 Years & Over,Landed Properties,2011,1387
90 Years & Over,Landed Properties,2010,1257
90 Years & Over,Landed Properties,2009,1159
90 Years & Over,Landed Properties,2008,1104
90 Years & Over,Landed Properties,2007,1083
90 Years & Over,Landed Properties,2006,999
90 Years & Over,Landed Properties,2005,915
90 Years & Over,Landed Properties,2004,817
90 Years & Over,Landed Properties,2003,780
90 Years & Over,Landed Properties,2002,771
90 Years & Over,Landed Properties,2001,693
90 Years & Over,Landed Properties,2000,636
90 Years & Over,Other Types Of Dwelling,2025,3189
90 Years & Over,Other Types Of Dwelling,2024,2988
90 Years & Over,Other Types Of Dwelling,2023,2802
90 Years & Over,Other Types Of Dwelling,2022,2637
90 Years & Over,Other Types Of Dwelling,2021,2674
90 Years & Over,Other Types Of Dwelling,2020,2531
90 Years & Over,Other Types Of Dwelling,2019,2431
90 Years & Over,Other Types Of Dwelling,2018,2198
90 Years & Over,Other Types Of Dwelling,2017,2039
90 Years & Over,Other Types Of Dwelling,2016,2047
90 Years & Over,Other Types Of Dwelling,2015,1933
90 Years & Over,Other Types Of Dwelling,2014,1908
90 Years & Over,Other Types Of Dwelling,2013,1847
90 Years & Over,Other Types Of Dwelling,2012,1761
90 Years & Over,Other Types Of Dwelling,2011,1772
90 Years & Over,Other Types Of Dwelling,2010,1777
90 Years & Over,Other Types Of Dwelling,2009,1830
90 Years & Over,Other Types Of Dwelling,2008,1685
90 Years & Over,Other Types Of Dwelling,2007,991
90 Years & Over,Other Types Of Dwelling,2006,1060
90 Years & Over,Other Types Of Dwelling,2005,1081
90 Years & Over,Other Types Of Dwelling,2004,659
90 Years & Over,Other Types Of Dwelling,2003,521
90 Years & Over,Other Types Of Dwelling,2002,503
90 Years & Over,Other Types Of Dwelling,2001,483
90 Years & Over,Other Types Of Dwelling,2000,433
